companyName,address,email,phone
Hampton-Harper,"694 Joshua Gateway
Brownberg, CO 56287",alvaradomary@example.org,954-500-2296
Carlson Inc,"PSC 4669, Box 8795
APO AE 17833",paula13@example.net,582-692-1589
"Mcdaniel, Gibbs and Ramirez","061 Robert Throughway
New Jeffreyberg, PW 12683",tony30@example.org,720-801-2006
Thomas-Green,"4097 Roberts Prairie Suite 339
Bryanfurt, CA 86486",oschwartz@example.com,863-415-5708
West-Kelly,"Unit 6015 Box 7179
DPO AP 61887",sheila41@example.org,554-474-7713
"Hernandez, Ortiz and Perez","Unit 1261 Box 0812
DPO AP 61588",nsanchez@example.com,837-007-4682
Maxwell Inc,"USCGC Garcia
FPO AA 45963",yfigueroa@example.com,549-079-7532
"Diaz, Montgomery and Hernandez","0256 Michael Summit Apt. 806
Hunterstad, AL 40741",briangamble@example.com,524-624-8193
Wilson-Williamson,"95211 Jonathan Street
East Jason, KS 06580",scott10@example.org,595-494-9846
Carr Ltd,"062 Rogers Shoals Suite 041
East Randyburgh, CO 28807",iberry@example.org,204-063-3886
Wilson-Robertson,"487 Carlos Pine Suite 606
Port Thomastown, NE 83056",calderonaaron@example.net,180-493-9173
Oliver Ltd,"85428 Grimes Spring Suite 781
Barnesberg, MN 42548",theresaperez@example.com,124-777-9391
"Vargas, Phillips and Maldonado","773 Dylan Run
Sanchezchester, OR 15132",marybrooks@example.org,423-778-3132
Perry-Suarez,"48743 Jeffrey Ridges
New Marissaton, WV 70853",marcussmith@example.org,692-063-9678
"Mcdonald, Alexander and Hernandez","5711 Reynolds Stravenue Suite 058
Williamsonmouth, MH 78347",natalie18@example.org,119-218-9033
"Smith, Thompson and Mayer","297 Tonya Field
Lake Jonathanton, TN 76617",garybrown@example.net,575-354-1994
"Sanders, Morrison and Williams","573 Robert Expressway Suite 236
East Michaelberg, DE 54987",ronaldrivera@example.com,195-178-0534
Trevino-Higgins,"8812 Alexis Camp
Tiffanyfort, WI 98503",lesterpamela@example.com,756-525-1958
Pearson LLC,"7004 Amber Port
Lake Emily, NY 24612",kennethgarcia@example.org,628-746-6493
Taylor Group,"PSC 5798, Box 4165
APO AA 20188",careythomas@example.com,320-506-1767
Roberts LLC,"80960 Casey Circles
New Zacharyshire, NJ 24144",carlyhawkins@example.net,121-523-6239
"Santiago, Smith and Wolf","242 Andrea Ferry Suite 454
North Paul, MN 72072",mary12@example.org,986-711-8956
Prince-Ross,"2459 Sandra Stream
East Jillmouth, HI 43404",gina21@example.org,385-644-1288
Brown-Rose,"71270 Snyder Creek Apt. 396
South Jamieview, MT 47650",arussell@example.org,869-371-1198
"Davis, Reed and Williams","75283 Hughes Stravenue
New Jamesmouth, VT 81199",sbarber@example.com,467-551-2116
Bell LLC,"4922 Thomas Station Apt. 139
East Christopher, OR 22924",reillyveronica@example.com,765-479-4753
"Watkins, Patterson and Walsh","4121 Yoder Manors Suite 645
Woodmouth, PR 96947",elainejohnson@example.com,696-149-9212
Stewart Inc,"863 Jensen Station Suite 369
Tarabury, AK 84597",hawkinscheryl@example.com,746-330-7587
Ray-Sutton,"452 Christopher Trail Apt. 555
North Kristinfort, IN 14122",robertflowers@example.com,402-236-8291
"Terrell, Rogers and Johnson","4449 Miller Center
South Mistyshire, WV 22986",collinsrobert@example.net,748-388-5534
