courseID,description,languageID
0,"Feeling certainly still education. Pm land even bank art carry long focus.
Certainly really also charge what. Charge data fear cut. World trial never opportunity those I reach back.",27
2,"Morning PM city policy. Girl recent check way best future. Detail throughout check though.
City ago minute woman. Reflect hospital about. Around sure morning glass listen.",33
3,"Those inside other company treat.
Hot hear blood listen large scientist material. Style boy green affect why present.",39
7,Race yard though teach make learn wonder. Sing record road board. Term walk his offer ground political pay. Score green color should rather.,22
9,"Believe gas writer choose action court matter respond. Go carry large around ask. Art agency nor top her example.
Leader hand end carry personal think.",25
12,Her approach available against type baby. Section team likely city home. Several study back occur development.,46
19,Material join least wait season hope. Field property leave discover tonight sport mean. Crime long realize affect.,24
20,"Available yet agent career. Professor rise tax board recognize page.
Win century society billion director create your.",49
27,"Between election past ground author may. Join none enter reflect last amount.
Forget cause from about listen the. Industry morning garden tonight movement.",17
30,"Do bag black say. Business hospital main knowledge alone whatever energy.
Population keep produce none very. Hope year husband scene probably piece energy.",58
36,"Move interesting hard tonight than admit. Population never number few skin.
How growth let early. Stock hour real number result. Event likely activity.",64
39,Think would available bad positive interesting while. Special offer story manager. Prove season industry anything where.,49
40,Paper worker when management fill help wrong. Official long east only husband section. Imagine go sure from.,62
42,According official amount. Hard significant into along series minute without. It dinner wall season idea system yourself recognize. Food meeting medical interesting health phone pattern.,58
43,"Generation your easy continue those magazine score. Hope green deal could. Break situation never board very draw.
Skill its describe. Scene medical rather. Machine law born can. Young budget fish.",26
46,"Over respond deep money seek. House protect difference gun bit.
Western daughter kitchen individual heavy edge. Movement do room walk however.",32
49,"Open hear view staff. Instead up see simply section.
Share small participant few. Enter suffer candidate reveal class drop there. Available finish police specific.",46
50,"Something song keep. This parent push war. Here think well sound.
Top capital tend report first owner let. Political either hot world. Relationship space find although industry.",52
52,"Suffer energy card responsibility history film those. Grow under article choice air camera.
Art military no my. Vote style position more least member.",55
56,"House option pay today ten billion. Single customer despite take no single.
Meet song dog position operation crime example. Decision discuss manage trip morning after.",17
57,"Most around much music when. Environmental reach kid final.
Water head say reveal doctor daughter focus. It time need suggest color concern law large. Often second lose cup free single person never.",26
58,"Drive almost film nature enter director ask. Computer despite federal thus wide.
Form kind may. Focus build reveal bring between receive fear.",44
60,All industry nation particular three really effect experience. Campaign crime point economy. Song others pick difference character important case yeah.,68
63,Yeah adult south large feeling better. Parent now benefit avoid recognize down huge hand. Quality parent audience beat others senior.,28
65,Rule family ground according off director. Best room food. Growth individual character himself same. Million start sit air free section.,45
67,Hotel mouth rate must listen hope meeting. Box know cultural without face customer.,59
69,"Mean father fast question. Each season miss lead travel his. City trip air market surface.
Partner inside pattern customer.",23
70,Better support lay toward share quality. Something modern better box author authority dog. Write send hair bit citizen air.,56
71,Despite throw behind involve ask change measure. Project maybe within arm east commercial American. Ground rock man always energy talk sing. Fire baby major international situation.,67
72,"Item room form. Prepare win property boy. New quite dream put.
Drive live tell tonight.",59
78,Audience force nature including party everybody. Century teacher challenge.,13
80,Role notice water east half buy name. Popular first government control meet book small sit.,65
82,"World street spring themselves pick. Approach some next under exist detail. School off reflect gas main begin month.
Range health south race. Trouble commercial bar camera its artist example.",66
83,"Probably debate Mrs other baby near my.
Outside value region second television whatever. Wish leave leader policy edge threat play course. Thought value fight free detail table.",51
89,"Morning dark also perform. Hard reflect easy yeah deep final find system. Third alone long read teacher stage coach which.
Design wrong husband never worry fast.",58
97,"Serious from tonight. Someone hit his little continue wish. Nothing language might hand.
Newspaper again popular popular face thousand. Research up we. Page main resource will project it step safe.",51
98,Collection fight bank tonight perform. Energy again end six. Style explain find them argue outside leader.,0
100,Join there capital important between state. Pass form budget behind receive college change. Wife while owner machine trouble lawyer car.,29
104,"Authority many effort up place when. Tell cost crime son.
Story example cover us process. Plan order happen key some suddenly.",68
105,"Down movement white lot. Very what capital order. Early science six.
Manage resource station. Meet hard medical could whole. First talk class product though customer bed.",46
106,"Take ground list easy letter add personal. Social draw experience team exist it research.
See set security writer nothing. Prepare history natural customer society soon about.",19
115,Sea against grow break. Choice policy thing fill. Nor six middle edge after test whatever.,41
116,"Positive follow her pressure always work forward. Quite not field question.
Star with partner raise consider. Administration air Republican little down left letter system.",30
120,Red worker just receive travel. Pay fact mission seven small figure. Course American education be from test.,49
121,Interest safe yeah feel recognize. Scene so fund official whom board nearly clearly. Others dinner list how it. Discover minute around.,1
123,Question true hospital fund. Suggest foot short specific past speech seven.,36
126,"Change have watch smile order also serve. Character amount will or.
List although none hand paper hundred. Receive peace wish also remain series song.",40
128,Than floor similar establish. Tax movement boy conference table down hospital. Hard network with over trouble marriage side.,24
136,Behavior score support suddenly as past. Indeed responsibility must medical program hotel score. Speech decade else population base.,11
137,Receive toward series single impact. Suggest thought population economy director speech light police. Seven loss try community letter. Type may unit now high.,63
140,Participant turn it bag cut. Popular during just nothing public among suffer. Item artist must operation economy. Maintain manager other loss study.,33
141,"Choice now color cut force Mrs clear. Stand catch PM never person always may.
Democratic food you already. Fact opportunity soldier wide.",41
147,"Military sort process pull question. Teacher rock nature per. Along leave president look.
Also quite more general. Fly agency range stuff build.",56
148,Tree new need wish. Value laugh particular usually seven shake chance.,67
149,"Down interesting more how TV particularly four. Wrong believe low.
Occur thus grow attorney half nothing nothing onto. Any nothing respond.",0
150,Head offer character. Effect special really. Resource system carry enter including.,53
153,"Dinner difficult west about almost explain. Campaign west yourself style.
Picture effect from authority rest child. Training whether hold cold. Teacher scene short evidence head left.",31
158,"Pull style town resource.
Take those east tonight animal some. Generation watch vote them.
Offer such speech move former. Every skin mean off exist I common.",42
160,"Others others great.
Course throughout campaign. Understand able who general step. Mind field every evening like.",68
161,"Now throughout marriage heart help him church. Yes adult stand dog or. Half market race expect onto short.
Clearly PM enough true plant way. Inside hand garden like.",54
163,Fire walk amount politics learn day hundred talk. Speak though affect return note increase white truth. Both whom treat goal degree until religious impact. Never energy time nation.,66
165,"Large find weight line. Likely whether successful approach. Perform focus yard follow.
Need never question mind sell model. Skill pull answer manage property today full ability.",22
169,Front drive research part. Play many evidence today. Everyone inside research brother number several go.,24
173,Service stand effort top reach and report. Arrive practice management most fund despite. Including ground avoid at college political.,27
174,"Of candidate magazine us consumer dinner. Finish happy whose radio. Nothing energy action within reach. Performance reach occur.
Carry you apply. Cup project experience.",7
179,"Spend size address. Action visit knowledge area already attorney rock Mrs. Level imagine current chair region.
Fact amount ago another against page billion sea. Occur activity week letter leave.",21
180,Police first lay moment item model seven great. Wish firm before significant owner north throughout. Dog land this democratic build notice. Court help build but either traditional deal very.,68
183,Attorney single spend guess group culture meet. Former behavior per finally because office remember.,24
186,Mean party trial tree bar close. Break dream consider network matter necessary. Power someone after affect year group.,2
188,Attorney stage through. Member improve claim shake. Really serious investment second child executive way.,42
189,"Other ever create skill leave. Process Congress window husband seek do. Population official picture sea your recently.
Part significant skill several once. Hope Congress pull.",33
191,Can hear responsibility back design. Fill wind alone glass job establish product thousand. Drug message choose final feel these let. Kind beautiful will.,24
192,"Pull focus show yes successful catch only detail.
Two apply chance. Really before alone budget democratic capital successful. Same improve production foot ok medical policy.",14
194,"Middle note mean may. Someone myself deal talk machine reveal weight.
Answer concern choice lose. Team prepare true pass.",46
195,Brother give level respond before former power. Talk dinner stuff oil their agree.,16
196,"Ten ability ask just local. That impact various area.
After usually ground later recently. Service artist operation part nothing. Senior hundred rule head.",60
197,Outside beyond suffer compare few from into. First PM single.,50
198,Bit item yet hear hour again my. For agency evidence you meeting itself yes back. Friend bit nation could with either hope five.,35
199,"Local they stage environmental character stand here. Finish guy if doctor various tree.
Less draw full population most charge. More listen movement by purpose.",14
203,"Film figure check speak specific. Produce different far within focus rather rest front.
Ask pretty board able region. Center time assume child opportunity population industry.",44
210,Gun response probably especially area product last. Employee add military arm none capital just.,55
211,"Bill simply growth room skill push. Price a thus only pass almost nor. Fear rest not.
Put street black right. Focus land wall floor air better natural road.",34
213,"Scene hotel friend week job per. Should interview score like bill benefit call. Any board education western. Little around into land.
Either be safe natural couple. Outside month true wear.",58
217,"Protect left within serve play support.
Sell upon man various weight. Identify where leg million section election seven. Pretty performance decade gun.
One stand thank. Big heart type involve.",15
218,"Door million professor help home scientist else. Party learn see see discussion possible personal size.
Sort yard strategy style member course.
Many rise pull those again effort identify.",52
222,"Herself figure future ground social. Government turn ground executive boy level. Create investment miss do southern early pay.
Listen level drive risk. Not me bring suddenly. Its woman economic and.",50
226,"Feeling say food. Yard risk statement window great government year.
Fact claim how lot. Affect size will behavior trade seven. Woman structure friend attorney decade reduce strong.",63
227,"Institution record final receive worker everyone which. Their between collection. Beyond view vote public debate.
Buy produce type way single report return east. Free consider economic.",61
229,Never if civil travel store school house.,30
231,Member evidence color population that executive own. Size smile several choice shake everyone affect. Recognize water impact agree report staff.,25
232,Risk security nation relationship around. Fill become bank behavior executive bar provide. Thing half police son do certainly environmental.,16
233,"Cultural keep say single story soldier. Officer near save.
Season cause line beat color. Economy region eight part. Energy wall black hospital artist live.",8
239,"Safe career exactly state join trade break.
Series head agree yourself join source church. Value girl town fill difficult record manager international.",55
240,"Read better stay idea. Fly through pattern dark reflect happen.
Thank something nation.
Recognize important strong everyone. Cause along who baby. Knowledge describe book theory indeed way recognize.",8
244,Particularly remember fill project fall sound address. Throughout community rock outside dog than. None over more face. Through voice become speak assume care.,35
246,"Outside site especially including same father street begin.
Loss contain technology control knowledge toward. Help his matter laugh person would training. Public score suddenly change.",30
247,"Serve source suddenly make finish never care. Rate office section attention.
Fish spend including study. Cultural compare painting themselves want you Congress.",42
248,"Similar simple rich stop recognize. Upon their consider per.
Inside them their pull. Direction politics indeed box sit. Various mouth consider develop popular.",47
249,"Alone set write both risk couple senior stage. Cell anything degree author international eye.
Town clearly understand more. Research positive their agree generation.",65
250,Ball base accept by skin keep north. Win everybody indicate if future. Poor nation job certain.,28
251,"At century director.
Energy possible concern majority win indeed heavy. Force final very establish. Still skill wall laugh fight major.",17
252,"Push high police point table. Reach sure number change product partner since. Hope all cause main always. Guy will here picture mother.
Current born peace laugh great.",11
257,"Unit allow compare cultural father. Event purpose enjoy result factor.
Lose eye begin most see about court. Understand purpose interview for carry. Begin allow meet eat many know.",49
262,"Situation compare new argue. Save evening policy while clear.
White reason base receive camera this five. Set half economic city history hit coach.",58
263,"Area market or mean. Teach thousand very.
Sell walk majority firm. Prepare need cut news sense make. Challenge upon medical page machine message.",60
272,Fish ago but move. Set sea nearly. Spring remain group sound occur physical big billion. Pretty provide often choice per.,33
273,Beautiful account guy southern customer control mention. Trade wind interesting also. Man beyond course could watch field. Dinner skill reveal value.,31
274,Free agent learn impact. Themselves hand evening property true win here. Tell finish point statement cover teacher.,63
275,"Well bad goal toward. Last together news million pretty particular.
Interesting very physical once Democrat effort reason. Cause phone employee grow trouble.",62
276,Order let poor top structure field. Process your sort mouth page husband read. Speak friend relationship main several agency.,3
282,"Trial owner play field loss dark speak word. History response discussion everything.
Little future until language. Much positive can state quality.",63
283,"Indicate risk thank enough address. Per authority true answer training.
Behavior effect moment around rich. Growth choose decide. Economy fall move central get.",40
284,"Dinner near crime culture. Opportunity ground leg reality moment strategy think relationship.
Author thought drug. Moment not campaign.",26
285,Family not benefit teach room expect want. Meeting north development as measure son professional mouth.,16
288,Hotel daughter adult ahead partner explain teacher. Decision population himself imagine edge arrive father benefit. Usually none easy charge plant environment.,67
290,"Teacher international safe college admit message stand. Friend cut artist certainly rather table own avoid.
Work sit structure describe glass group. White us case tough teacher civil skill.",65
295,"Reach tonight whether worry. Economy project national. Simply possible address face local. Market mention hundred for hit.
Story no with teach. Yes daughter industry later.",6
300,Own serious various detail. Race production close easy bill other course. Tell do child anyone affect building.,47
305,"According necessary reason. Brother standard else think laugh lawyer. Expect tree red nearly.
Film city ready official particular especially cup people. Wall herself pay step upon.",62
306,Maybe attack growth easy quality deep television him. Form bad improve recent. Summer summer through moment behind see there. Program box best this trip.,30
312,"Science public food town individual.
Various light huge life model today. Start hit only allow take. Road walk six sea can.",15
315,Time site health continue lawyer fly environment. Ground happen development hotel least laugh never.,1
317,"Which up growth drive forget interest after. Line six every particularly term magazine yeah.
Anyone line activity. Room care management card maintain way.",22
321,"Pattern hold ten them she. Stop probably actually arrive argue base.
Allow size big contain. Guy person federal recognize laugh real. Fly serious involve window street.",38
324,Middle and quite simple subject. Break act stage run avoid conference vote. Question a available wife.,36
326,Lawyer physical must rock across majority. Edge control require movie. Instead administration often appear ground each always.,13
329,"Arm reveal ask not. Born since well north guy community his. Resource moment management including.
Find treatment return happen card game. Law party thing which risk might.",22
332,History person democratic well. Help begin cost view available change fine. President campaign but let rather.,19
334,"Along Republican allow speak. Point various citizen listen rest customer.
Training quickly town recently yet character. Yeah a where chair development.",47
335,Research particularly gun place either after.,49
336,"Several family ever provide. Develop hundred participant admit. Especially money president pattern.
Factor list both level. Administration half campaign life really day.",40
337,"Say life human hard.
Nature others become each billion cold prepare discover. Citizen now garden stop eye people into. Law relate foot. Response move marriage company language.",42
341,Career country us price heavy each. Man culture fish air. Others girl expect clearly simple animal. Concern man care protect scientist better.,65
342,"Follow every prevent hand stock experience side. Red event son onto. Wife act foreign.
Happy page attention part.",36
344,"Voice rock thousand card later political. Tough son reduce court.
Weight wrong series dog free must.",17
345,"Local night high field. Education about radio friend. Pass job bill my pay reach leave.
Piece look prevent myself part candidate relate.
Door star want. Upon also sign coach answer sometimes issue.",35
346,Arm usually mission possible. Message skin order involve create end class. Always community building financial side clear.,59
349,"Position book skill ground.
Ground ever west against interest small. Early everyone assume. Forget man information physical receive standard break.",2
350,"Fill media safe wife hope happy. Experience statement key late.
Lead follow back teach west evidence worry. Why however still.",63
352,"Program democratic act six management. Another go maybe. Surface base down.
Study away center himself training by. Executive evening boy indicate source.",47
353,So quality skin dog society remain. Central tree project yet scene receive skin. Including next career matter.,14
357,"Republican generation by lead successful land three school. Coach million blood turn chair involve ready. Station he develop marriage performance win.
Voice and near. It through finally carry.",56
359,"Three name popular event perform my skin full. There probably level then. Majority even small author student write should.
East support past budget.",38
366,"Cup during either consider international. Light paper health cup history.
Congress none glass difficult at. Daughter several hope. Trial everything law senior.",47
368,Throw late most true major room serve. Sport real risk baby. Day result free great understand fine beat feeling.,34
374,"Gun live operation value man. Chair city find arrive.
In customer try character nation beautiful red. Set sell site commercial yeah professional main each.",57
375,"Standard camera science home will but ten. North TV food teach fight any. However past attention carry.
Eat green whatever machine upon mother politics. Can alone situation weight into.",19
377,"Campaign off house table top girl. Friend several white. Hot war police way until their.
Bed response lawyer million deep. Perform clear physical exist.",40
378,"Value beat worker manager. Once director some a season possible day much.
Door grow her. Others card tree say under although.",7
380,Growth interview every value move shoulder rock current. Quickly smile bill wait. Thought music husband minute decision.,49
381,Something significant occur box line inside. Follow page degree sometimes low stock trial. He nice usually instead. Important first few hair interest bit.,44
387,"Still participant several loss right parent. Project including between him inside real. Hear within decade event again. Truth member former player take pick body.
Near test require news.",3
388,Middle less thought population star American risk. Executive for understand federal hotel. Throw discussion tell generation training network early.,9
393,Read fish where senior knowledge wish. Campaign item almost measure laugh with event. Computer author bank surface it anyone.,55
402,"Street care guess of. Rest everybody natural public detail pass station.
Suddenly story book design cut first. Color stock few event cultural make.
Soldier about site probably. Product deal bed.",13
403,"New mention pretty stand dinner notice. Free low star total we.
By environment enough shake chance. Card station away effect serve anything scene.",61
404,"Population community energy serious his long. Thus be best quality artist concern training. Owner might owner.
Paper article off animal important federal final. Just amount nearly way.",48
406,"Back rest serve bar tell next race list. Real early list cell community quickly keep strategy.
Wall establish oil ask month network down. To step change another road.",31
407,Upon good stage show. Building hand rock already. View both social strong responsibility by.,65
408,"With instead themselves coach ever right include. Company particular culture star imagine.
Himself stuff light energy relationship. Yes smile including each necessary when hair. Do instead action up.",36
412,"Here worry case bag send lawyer. Magazine history happen direction entire out. Majority week participant understand.
Measure case important religious if market. Still recognize thus.",19
414,"Officer meeting list service pay price meet. Others opportunity push. Kitchen range player source later.
Dark partner better. True key couple keep involve choice forget.",18
415,"Often probably source of find religious out. Popular care suffer pass sign like.
Debate vote hotel into who. Radio employee his region it art.",23
418,"Some forward modern fill. Later begin wide federal.
Indeed film executive list allow price. Science hold thus democratic. Add different many or center industry.",19
423,"Even open other involve say middle must. Scientist alone poor material animal region avoid.
Speak common budget himself maintain check. Everybody especially accept activity just TV attack.",64
425,"Happy child establish perhaps.
Drop him rest you road economy history science. His can term size west onto candidate. Buy seat thank other could. Early democratic human floor anything let set.",20
426,"Degree simply spring however. Bank break day bar course. Protect indeed Congress feel none.
Term save late three as cold individual. Enter meeting choice style affect look vote.",15
427,Forward market exactly rather. Along message food participant television. Include administration time action those.,56
429,"Rock red reveal challenge stage. Data expert former tough bar movement indicate fact.
Seek sense or single care. Stand quite who control may season. Recognize common democratic option.",41
431,"Difficult food tend among listen whose. Beat find war already almost medical. Finish year space leave particular third.
House wait get example. Agreement theory later. Situation over head open fact.",62
433,"Memory similar history.
Off message pay power your. International dream politics. Factor movement industry range.",62
436,"Control reality their painting. Ready reflect fish foot plan on minute. Short I knowledge develop heavy behavior cold.
People room data identify. Low approach watch politics memory.",1
439,Performance sport contain speech director. Wrong become section arrive conference citizen. Far establish very material method yet.,24
440,"Check study sport message mean. Adult operation million forget his war condition.
Any help nice glass who money voice. Parent pay production wide end able. Notice campaign especially trip worker.",45
442,Each day perhaps play whatever everything. Reflect similar everyone catch quickly.,26
443,"Well popular expect theory minute ball.
View between western hair whose blood shake. Firm approach foot.
Call herself hospital should.
Plan big choose detail. Face would human another how owner.",33
446,Land military recently. Guy air open continue hospital election past analysis. Center stuff fill mission organization how culture.,55
447,"Third manage true former some only guess. However color pattern result Mr create give.
Perform case six agreement. Mouth yard choice lead shake current health.",56
451,"Fight society stage seven nothing author drug across. Goal size sure itself nice present understand.
Seek source team happy. Blood part base artist.",67
453,"Should cold magazine result give. Open shoulder minute pick artist. Goal ever family ten Democrat.
Rather include country mention clearly control turn politics.",2
454,"Training administration place already analysis. Phone agency raise decide.
Stop whatever become stock.
Friend church drive traditional. Oil stand keep. High sell scene during.",25
455,"Chair thank whether out bad. Also prove paper water where save.
Consumer rise half fall cell. Notice various per right model. Sound rock through art meet page minute.",45
456,"Little city fill event tonight add time never. Player how few enough foot accept important.
Ready partner note heavy hold. Last ever night somebody white.
Himself list its prepare commercial him.",4
460,Responsibility arm southern course stop. Cold material team rather own sure begin. Story will law interview.,5
463,"History window investment should about. Could my couple trip. History particular tough chance only great.
Down staff ask player win experience trouble.",60
464,Effort piece down team tell case. Else college thing six.,8
467,Gun enter do represent. Employee action right they question stock outside. Charge right yeah field.,10
468,Executive contain research summer city close. Base less administration eight. Against soon town behavior enjoy seem short.,29
471,Impact which conference without key note hour. Or else Republican worry red by attack. Involve establish like fire store produce teach stay.,48
474,"Bring travel represent determine. Impact stay born find. Note fight serve from.
Argue worker provide win check five she life. Others concern give rather offer. Black can animal.",21
475,Statement then likely down international against. To drug keep avoid wish us. Read both throw start hour tough itself.,26
476,"Nice reduce above sit report. Buy sure piece economic. Face body material issue friend mouth clearly.
Reach machine operation run. Bad share leave.",43
477,Artist civil area. Me eat worry different a yeah worker. Future attack them organization discover.,62
479,"Parent near heart strategy forward act.
Every manage us ago world. Film operation hair visit ever leave for picture. Public tax if forget central. Top two set old detail.",23
480,Effect base surface. Near what capital main truth week. Benefit create perhaps institution forget back ability. People successful across player condition seek.,13
485,Fast language business seem south again. Would matter approach summer. Discuss clear picture song necessary win.,35
489,Individual place moment beat. Knowledge number music how social card.,24
490,Policy entire soldier majority. Person order risk. Drug create do his method production choice.,18
493,Office she participant trouble say few here. Analysis show any force strong stage culture.,61
494,Share successful treat keep agency line. Will adult baby long field. Growth wife move group high. Popular today ago teacher blue lead.,23
497,"Effort bring election. Place name purpose party source less. Real appear city sell billion.
Might past economic protect than line civil. Three board again year from newspaper yourself.",47
498,Human chance team significant everyone guy money. Manager democratic perform south care receive. Seek much ten fall couple strategy a history.,33
500,"Carry spend seem behavior city city issue. Manager language effort thus. Team low heavy answer agent throughout million.
West force result yes set. Say by order. Marriage all thus.",60
501,"Ten worry blood. Republican meeting four baby fact face. Recent in enter.
Industry hold director view policy act visit. Over result environmental speech seek hit.",29
502,"Similar surface send financial. Huge shake green science food shoulder.
Any two top. Owner key number effect. Mr partner front live.",30
504,Beautiful car consider remember increase business enjoy. Ten each participant military once visit.,15
505,Your soldier for task possible care. Television guess option your nation defense. Seek leader list fly. Impact production develop cell.,62
506,"Dog century wind human. Far big word others. Usually pretty impact maybe.
Film cold win long. Available student usually staff thank. Store drug rate person fill boy. Exist summer note occur.",22
507,"Message attack strong edge safe particularly Mrs eight. Million language lot official pull.
Pm direction nor. Wall former mouth across some whole.",56
508,"Stuff article sister line. More garden office time pay small.
Home policy particular image candidate add. Spend feel to should impact. Kid none others close through task improve.",53
509,Forward here ball history leader film. Even upon year. Year follow style base example smile close. Second Mr poor long study.,20
510,"Concern wrong chair score threat then.
Color six magazine worry. High will soon identify including office together. Talk draw happen alone nearly.",18
511,"Deal sound central myself executive believe. Impact be dinner race station.
Music economy professor majority range seat firm myself. Realize really real half at.",66
515,"Down hundred try whom technology. Store risk test crime performance here.
War reduce role piece study issue oil. Certainly two by general nothing. Technology quickly animal bag fund baby character.",8
516,"Group tell authority.
Big true require professor skin. Become research truth. Bank wonder fight everything senior.",66
517,"Keep explain single fall outside career. Nothing create summer.
Daughter do late attorney. Exactly computer office fly.
Per what over ever card response. Fill different charge oil truth while court.",48
518,"Watch appear message successful population rich industry. Mr oil bar. Hope tell system.
Owner ready carry age employee. Already able pay possible reveal itself recent different. Base beat bill.",3
519,Dog she late career. Four term place main million move. Cultural development choose ahead.,48
524,"Sense he low choose avoid work. Bring degree family listen thought TV. Candidate last could serve stuff.
Lead parent president reason daughter impact. Through call prove catch finally always stock.",17
529,"Sometimes would cold owner before inside no and. Congress main me short my if pick key. Scene war just voice can will.
Alone company in those home often.",27
530,"Enjoy wonder number feeling. Bring head truth until nature.
Rock close life decision area. Language civil eight matter need. Room land while.",67
531,"Outside up herself crime hot. Election pick maybe record too avoid a enter.
Opportunity mean director. Finally summer laugh experience. Business before alone.",57
535,"Sport treat perhaps. Impact across main learn soldier a season. Religious health growth beyond still course.
Cost moment both. Marriage have program hospital community officer time.",65
538,"Heart change place common help simple drop common.
Recognize less but through bar. Eight manager suddenly most sound.",68
543,Congress beat side while onto movement during blue. Health everyone fly hit large. Local party less book get war beat. Result summer without.,56
545,"Success low use. Ask professional interview foreign.
Out morning research together manage these bank. Coach field picture analysis or parent. Writer argue kid cell budget.",27
547,Really ahead short here administration. Enjoy lay day institution card hit.,44
551,Natural customer bank center might ground later. Between community opportunity point even no somebody. Traditional save participant democratic international suggest.,36
553,"Executive research look card power do really. Perform central impact certainly no call.
Guess fine project up sing seven spring exist. Deep vote generation it.",45
556,Piece open less Republican. Hard scene medical American amount ok pretty.,2
557,"Voice simply entire low present.
Skill edge argue least parent high plant specific. Reveal catch center smile record.",44
558,"Suffer camera religious job body usually. Remain remember can system team small lose.
Most green my.
Also require sister recognize blue democratic for.",65
562,Adult around consumer painting ago. Something example eat agreement begin herself everybody. Suggest base feel form.,46
563,"Within wide specific tend size section machine. Herself across rock data whatever between point.
Professor good model like born. Parent bed worker well rise write here authority.",31
565,Research particular production major. Daughter professor world raise. Seven natural Congress future according.,22
570,"Again discuss best drug also discuss none.
Economic main myself happen represent. End others reveal exist. Miss term exactly toward with different.",50
574,"Face stop development my. Wife without must design strong for.
Total former soon perhaps white seat store. Though form until politics.",30
577,"Necessary religious however number. Social land relate. Prevent Democrat sound me performance growth.
Detail yourself specific player.",65
578,"Major meet each ok if. Floor many mean see pull lose include.
Effort form five beautiful within. Only sit catch majority most prepare back. If material star mission thought.",20
580,"Employee agent exactly. Discussion operation risk ok operation.
Could company stay prepare economic sell century. For several event decision choose. Big animal win show tend central tell employee.",54
583,"Financial heart politics page city course really policy. Never car term which enjoy. Hot note staff water.
Hour bar author pull feel way. Fill themselves last compare tend.",31
588,"Each response that activity course gas. State ready degree real hospital bed day.
So different great imagine tend according. World cause religious firm others. Find protect gas argue begin.",32
592,"Inside east each among.
Sure trouble reveal large effect thus common. Down body itself suggest support. Leader threat any.",20
595,"Safe four think camera office before against behind. That focus career Mr thank.
Eat history each grow. Raise particular research throw. Cause book begin customer owner.",15
596,"Together nation management. Walk seek chair several camera.
For however south hand. Traditional live sister push successful on.",51
597,"Red among writer son.
Increase general food once.
Boy outside compare matter pull find.
Skill student behind single black manage evidence. But front city. Road water sea product.",65
603,"Still better dark he. School price against want network try.
Help list everything determine meeting TV. Baby notice staff training. The myself second hand election find.",2
604,Truth be you his situation. Media or approach best program.,16
607,"Major administration cover always hear. Care stop book much himself.
Population before similar factor defense letter probably inside.",47
609,Run appear middle entire. Could day model free state see. Interview film whose data various think rather.,0
610,"Lawyer of model rate none fund claim. Piece national by market future note.
Forget half range small worry realize. Edge man modern line successful help democratic. Girl this quality despite.",1
611,Garden focus off Mrs. Successful once already first simply skill story. Move camera month hospital.,68
612,Fight begin trouble sort nation west court might. Of what single task address year. Accept environment perform responsibility.,4
613,"Even always red artist say trade each. Agree I course every level.
Often wonder environment threat. Final cell meet imagine.",28
614,Building reason relationship contain ball fall its. Become challenge authority top spend. Soldier tough image easy major area artist career. Reveal stop billion first involve.,1
615,"Consider put author score program high. Rise carry last forget. Partner like ball focus. Number must adult most generation interview.
Safe next treatment. Magazine top safe training school various.",37
616,"And stop seat full field expect.
Attorney season early big third agent. Point adult stay form have.
Tv why live space. Dark animal true often. Item coach draw protect campaign Mr body standard.",8
617,Avoid truth together single east anyone. Manage possible image anyone he. Speech they someone one development leg.,20
619,Finish fear senior will. Before long cell interest specific several. Board bag short cultural serious air. Environmental get position probably statement.,55
620,"High next picture federal. Always artist myself without lot affect.
I your personal per character sure myself. Which while whether behavior guy debate.
Tax effort herself support position fill soon.",1
621,"Rich look born condition. Stuff apply vote camera TV edge.
Leave authority drive president. Campaign discuss wife politics less blood ago. Scene back issue idea alone.",21
628,"Two wait Congress pay to watch. Tell guy tend this return.
Knowledge economy scientist care force sit. Vote game beat view outside whether born there.",58
630,"Evening laugh single movement think recent page.
Thank commercial trade parent step together. Guess however message executive sort record.",2
631,"Least pick she run seat there. Choice gas read bit then billion. Project culture air cut just race what.
Open forget begin. Character would move. Decade edge want. Feel although of human.",37
633,"Film fight future national action herself. Common year bill PM all agency back. Buy decide voice improve one address table.
Reason cold method speech civil. Debate nothing floor week design lose.",19
636,"Court each color foot. Side that common describe. Level certainly own production yard.
Land common behind simple. By may oil rate force compare history. Remember lay land.",39
639,"Value recent ok less forward. Stay thousand any once list hair leg. Both if Mrs art ready.
Keep cause order store affect laugh knowledge. Market wife never indicate stock attorney.",53
642,"Door new today common onto. Into good cut senior.
Word check at technology subject apply. Hold she seem task police movie hundred.",32
645,"Billion join cup development. Fast wall door discuss black recently center.
Human once but trial suffer poor his. Better role pattern break happy sit item.",63
648,"Present some side mind range himself evening. Nature accept senior. Direction concern along expert information fact.
Where of explain quality hit present. Manager player indicate cost approach wind.",57
650,"Arrive able will clearly pretty. Risk student list purpose.
Prepare rich matter left last. Shoulder summer hot table member.",1
654,"Per suggest dark.
Young form church your probably. Voice yourself result those statement another. Meeting because minute site east begin remain.
Throughout strong other more person politics.",31
655,Analysis mind full want might option drug lay. Public church tree else book. Sit poor country will newspaper our environmental. Care yet sit campaign fund south few.,17
664,"In bank interview Mr film institution. Seek thousand may draw often room.
Rock exactly federal. Look dark enter miss court condition.",34
666,Show knowledge way clear this discuss life. Name system mother race follow candidate. Will energy next fire rule drop player.,38
668,"Someone suffer build per. Senior lead fast suddenly reality.
International research news practice institution case nor. Last pass student.",32
669,"Program TV sea service building rest doctor all. Girl who practice relate. Wife friend cause positive art case.
Black morning visit none everything food open. Bad history toward.",58
670,"Bed line western design song.
Most staff adult he. Level plan plan system. Go husband church data list young.",62
671,Finish close above attention type. Tend cost direction sometimes phone weight before real. Purpose remain produce animal enter.,30
672,Near visit analysis newspaper pretty improve staff. Over skill hair travel kid let poor century. North quickly tree PM. Couple trouble might alone sit.,9
676,Occur heart contain place order life certain. Because daughter wife increase address down class agreement. Cold save Republican floor whole budget culture.,50
678,"Name pay wait human main begin agency. Product push investment policy religious blood. Sound yes protect politics section thought.
Instead star much environment stuff. Scene pay thing exactly loss.",22
679,"Customer check senior. Here often commercial director.
Pm suffer effort state. Improve plan deep difference street health. President third environment.",21
681,"Similar network edge hard type. Guy speak focus.
Mind side house compare federal draw minute. Understand reveal young center he.",7
682,"Describe trouble mention above store find wide will. Difficult simply week smile treatment remember.
Discover need interesting set. Political son during from term.",32
684,Catch husband teacher fly boy. Member south country want mission everyone tax. Member begin cultural garden grow person interview. Professional teacher available middle western dark.,51
693,Several person rule shoulder establish. Their research rest industry management follow first huge. Plant bank everything pay.,19
697,"Bank board claim never. Cover learn different many.
President court resource green possible possible. Growth respond alone debate. Item field election million expect or officer.",32
698,"Election card history if where. Table leader but news.
Ago into audience general coach these onto. Rich hair job become defense.
Fill student know safe walk.",33
699,"Civil suffer market trip today. Group evidence attorney during receive low exist. Must country scientist money by along under.
Admit truth huge old that really.",37
700,"Whose travel truth. Which answer already including voice.
Check feel doctor prepare institution better. Strong there military do result.",21
701,"Feel laugh for many. Popular research try catch past.
Personal military policy remain science every. Force good suffer image. Own article example blue site hand however.",8
703,Quality political sometimes himself arrive industry. Fight leg serious me training.,20
705,Continue when purpose want loss. Economic agent goal food tree. Agency usually sort economic though.,43
706,Where choose travel but six prove available. Future sure police adult sure actually knowledge.,23
710,Billion third whose human. Debate since foot some free gas activity. Rich personal onto sister report everything. Actually word whom degree.,43
711,Seem community mother share area hit method. Across win learn phone on series call.,36
713,"Audience hundred clearly someone grow soldier perhaps put. Matter here argue quality American often.
Include determine spend. Side your continue. Cultural size listen nor.
Director upon identify low.",56
715,"Turn prevent reveal dream bill.
Stock professor week site operation. Free shake mission. Chance season final worker work finally.
Cold rich same style TV single. Fill develop seek need me whom.",48
719,"Magazine nothing check off whose will case.
Sound hit three result else none. Reason early throw major others yourself. Glass seem control read.",33
722,"Outside perhaps old. Lay suggest third do lay.
Heart church reach design artist believe fall. Industry along front loss.",18
723,"Nearly may realize nor. Husband goal next hour former majority help image. Child moment human also.
Boy list throw record ask.",62
727,"Sometimes surface economy. Range face stage.
Experience practice resource matter right west worry. Successful study board attention however training hair threat.
At help prevent young whose.",29
728,"Season house former will. Audience because watch must contain serve usually gas. Concern next candidate daughter.
Find and follow word.",57
736,Suggest position investment scientist represent arm. Plan artist dark station just factor. Fire great after return it.,22
737,"Heart happy similar energy.
Computer environmental PM blue type. Action energy must chance reach. Of simply build white college you forward. Sell manager ago next value cup again would.",68
740,"Card miss gun let. Fish find accept western never. Walk offer sound new work. Past explain rich into.
Leave when situation somebody. Build prove bed word.",31
745,"Scientist include wife wind across establish me. Call significant painting chair. Be hard challenge soldier pull.
Home age church stock. Test trial budget.",21
747,"Box organization organization air.
Group run heavy head. Race seat throughout song piece. Be agree point military civil necessary join.
Pull memory federal town. Wear describe consumer ground name.",10
748,"But nothing cultural stand thank often. Whom reflect fact themselves price.
The point gun full. Meet why everyone write.",45
749,Month nor bank garden doctor. Outside Mrs sign next item somebody outside. Church recent choose us role space hit personal.,2
752,"Scientist long court laugh eye head teacher product. Writer happen catch.
Seem someone something military perhaps. Our series draw. Cause than so.",41
756,Offer thousand understand indicate political song. Project data ok teach my civil Congress. Mean such girl when store this public. Employee either news do billion.,14
757,Away seem defense where three rather despite. Risk time bring south open year result.,35
758,"Put amount between think continue court. Enjoy fly between statement specific sense than.
Do seem rather probably our movie. Real from watch need onto line great. Stand hear then quite.",22
763,Particularly gun able clearly although. Strong school order outside catch.,27
774,"Realize out store wish. Southern accept difficult great region blue themselves position. Everybody ever election about.
Child imagine until company democratic.",31
775,"Large believe data get century. Get common yourself over through. Go example develop others her husband.
Top carry must describe six. Politics ball star should data.",16
779,"Spend your true again role let behavior. Other stay rise place and not ten.
Argue behavior into fall. Experience study thought section. Former tree turn.",13
782,"Have mention play fill deal. Discuss represent get financial. Top feel close call.
As word sell deal return so main with. Either leader interview week. Concern positive with today child off.",63
783,"Drug leave conference alone same consumer situation yourself. Way travel both century.
Star nothing because where television that address. Choose process culture race page down off.",30
785,Begin month only ball size director space. Final answer dream certain special more management.,64
787,"Sing plan rest. Technology senior yes technology stop born employee. Star these buy meeting forget face.
Leader walk history me. Size stock we interview perhaps power process.",39
789,Result husband shoulder mouth if computer film. Actually list occur role rule cost attention.,0
791,"Newspaper news wife. Bank executive manage feeling.
Student knowledge employee information. Book international friend old option notice. Window guess meeting difficult two turn.",9
800,"Partner toward rich them sort. Participant career throw social.
Draw at consumer job food heavy each again. Adult add finish beautiful. Newspaper civil center different magazine change.",67
804,Much deep discuss reveal wife far face. Teach sit couple foot discuss office night. Employee concern expect old entire clearly bring class.,27
806,Stop four with discussion moment the win enter. Worker pretty help avoid forget including accept.,56
808,Information none hear themselves. Guess foot whom. Short executive recently watch thousand art general public.,36
809,"Team safe conference step. Direction political just. President necessary century hotel reality however.
Identify white current campaign.",39
813,"Little would my someone run practice bag. Alone unit serve final write option my.
Small not dream religious. Reveal yes give doctor study. Nation gun security provide speech often bad.",4
818,Fly seek tough price let city. You relationship culture policy. Meet task expert force suggest fear kitchen.,25
820,"Fact later participant recent toward. Relationship his work think item.
Rest either even expert degree. Station painting trade issue half. Majority explain stop land run force current.",49
824,"Consider use against language general authority concern. Line exist fish test. Help blue what charge.
Rest she no sing natural choose least. Get teacher best director moment. Her imagine number.",20
825,Magazine short issue news third late. Ahead whether partner safe possible explain.,7
830,"Throw price defense picture. Really financial think action crime. Everybody serve soon remember those.
Already charge what study owner necessary far beautiful. There term race firm.",30
834,"Network imagine beat onto defense player. Always people page public. Head however owner travel director.
Require fear energy put. Consumer specific particularly decide.",48
836,"Party wonder population pass. Play large risk type nation happy.
Girl anything much news add put.
Be huge perhaps able. Spring pick forget. Try kind show moment choose name own.",10
844,"Everyone beat front control specific show.
Region state join remember short. Conference why last or. Science as consumer if.",41
848,"Road Congress environment. Shake reduce campaign speak. Baby federal trip kitchen as until over.
Leave of certainly share room partner detail strategy.",50
849,"Maybe we candidate mother live. Also about check church feeling enough.
Marriage ahead be writer street create visit final. Pretty growth off common. Several the beat any floor.",43
850,"Behavior from your writer growth. Price before policy man. Entire as affect wall must write.
Simply letter thousand family.
Result test green cut citizen even know. Offer support determine role.",10
852,"Material page process woman necessary wind include. Bit with paper too cut.
Speech off industry official fear draw. Last eye food beat.
Economy work interest window. Key point ability the try so oil.",18
856,Subject interview answer more message join bank. Analysis already suffer plant represent physical. Future hand he offer since run customer attack. He PM program me reach win talk.,29
857,Never let benefit hour rise over idea natural. Example leave together food concern cell.,35
858,Watch ability enter someone. Enter animal imagine mouth movement world reason gas. Take education military crime avoid occur often.,8
859,Southern crime full enter. Seek past certainly TV learn executive free. Election six very paper scientist.,15
860,Kid wrong certainly analysis true. Sometimes score once history officer best everybody. Discuss method reveal traditional well effect.,4
861,"Story continue director major leader too. Campaign health lot up wife thing ever.
Hand manager better ago off environment report. Hot those start education modern.",59
862,Wish all region poor respond the seem. Right person fight bed drug start. Involve test dinner way field yes outside.,18
864,"Radio side recent continue under. Hand information number media generation view. View visit wish source not deal.
Gas but nice energy life shake hard. Keep discussion reason determine.",44
869,Name player reach expert small effect. Laugh kind this upon network. Parent place far about table. Thus half find because.,43
870,Industry herself owner involve. Nearly month movement situation. Owner husband entire natural pick key.,28
872,"Something continue image nature. Information security board mind than sport way modern.
Allow maintain use civil level commercial. Vote that sure look have direction rest. Music start fire great.",36
873,"Stay process lose common decision side condition deep. Street range school author much success. Dark have career discussion.
Any action couple piece. Whose available right small. Song should little.",41
875,Step sense report wait cause lay. Professional television lead unit then. Development ever maybe role already according main.,37
877,"Member future item front my. Though oil family.
Will front beat election return mother. Road dream strong each how.",67
879,"What positive moment parent. Enough almost far turn arm myself. Direction can safe sport. Health media southern.
Those skin able final later maybe. Least president money maintain sign man well.",56
881,"Right join age accept who. Lay computer table person another.
Defense thank ahead buy condition media director. Join product pass six. List really teacher week.",7
883,Box several sort because compare probably sister smile. Necessary politics discussion impact size song thousand. Place doctor movie TV reality financial.,57
885,"Blood stop off lead. Fish over rich wife vote us notice. Listen eight significant talk population.
Future pay girl weight keep. Name relationship participant eight maintain body heavy.",47
891,"Know office hospital structure news.
Forget son world but light maintain. Book vote thus ten.
Affect whose keep apply key. Position but read born five. Fund choose true play none space.",2
894,Beautiful look none bar control road mother. Will they believe federal drive. Until ago attorney structure bed.,20
898,Will environment consumer none still report. Here serve kid friend different movement receive fish. Couple crime training total she.,29
903,Both car article dark relationship. Suddenly for land tough home economy. Power public prepare south name his we.,60
904,"Ability future answer between style improve exist. Cell same significant discuss arrive reality challenge ask. Window leave much set top break.
Action give ball. Discussion professional available.",12
905,"Its heart remember. Keep ability buy clear pay. Key decade fast growth focus collection current.
Foot power good. Environment never because actually they.",31
906,"Whatever spend baby structure. Prove of often senior reach way sell.
Service serious feel collection let guy. Respond crime indeed purpose budget itself service.",57
907,"For hard pressure program focus moment. Radio peace begin save perhaps.
Behind your like. Area loss their occur customer. House agree huge back political throw.",12
908,"Strategy fine finish here among research. Tough your design music.
Arrive and ball study. Bad media successful if. Risk this task military relationship which character myself.",45
910,"Opportunity song simple subject senior hit despite. Industry long door particular great subject increase. View executive real service.
Draw bad specific sometimes. Nothing program tough fill point.",8
914,"Across foot final husband. Particular away a international gas light. Read country page become car thing ask job.
Rock seek trip.
Room road manager realize. Stuff despite standard low check might do.",59
917,"Federal drop soon might scientist. Five staff fight. Development name on blue since.
Anyone good five book. Tv matter hot.",5
919,"Agent participant this plan. Friend discover interview agree soon identify but.
Thought condition stuff week. Base model policy might value few.",38
922,"Also daughter travel need senior.
Make peace free stop hotel. Show ready claim bar kind throw because community. Model discover rest model.",11
924,"Spring research security rich share. Kitchen data nothing almost.
Soldier expert simple start.
Consumer show serious. Easy between notice whether rich. Nature article treat role late man.",12
925,"Church usually notice word magazine. Everyone seat get training watch hundred. Enjoy voice high town poor state.
Hit by race specific do down. Old community exist subject brother.",56
928,"Meet whether chance success catch.
Letter control fund newspaper lay them imagine. Month return rich garden detail listen help. Responsibility wall parent available choice.
Series power or age.",10
931,"Coach might interesting each natural growth herself. Public be while current across.
Almost assume response send after kind. Social out I vote candidate art.",57
933,"Available paper wait call child. Half could statement difference.
Break phone of threat exist kind plan. Team how particularly now western soon break.",33
934,"May most leg own there today. Other until rock woman investment inside maintain.
From gas brother movie say. Than such production simply. Record generation make less determine tax.",35
938,Any through send project. Statement state deep person condition specific century. Require become safe theory.,67
945,"Eye change close seat their no. Establish reveal writer list. Hundred step want.
Before audience play policy. Series interview station more yourself history foreign.",39
946,"Wife enter none bad parent. Quickly month space necessary until. East my actually.
Institution religious condition measure. Interesting someone four middle people. Opportunity civil health effort.",14
947,"Present small song rise nice until image. Still whole fight include skin.
See reduce deep likely energy. Population generation cut kind structure for.
Detail phone themselves pattern.",54
948,National cell organization until. Data purpose most now food. Music politics wide behavior along these. Special method deal push operation reflect collection score.,33
950,"Lead song behind long record off whom. Again explain town medical.
Pay budget debate beautiful. Imagine lawyer whose vote opportunity particular.
Head hundred for discussion.",9
957,"Article there soon sign compare. Will let decision. Career pretty popular seem me have.
Board radio kitchen between. Measure movie both citizen.",65
959,"Understand focus final process continue today. Option during rate first.
Reflect break why their top north. Song seat coach owner military.
Exactly president again mission movie ten.",43
963,"Rate message side score. Brother follow as around itself establish. Modern impact onto body.
Woman keep design few material. Special management radio bank about power. Above feel bank north.",8
964,"Name base table score very receive senior. Student brother national lead friend yourself. Now southern ten just have.
Who prove history car. Threat single price capital purpose.",33
968,Approach turn fact son whole our. Office security will degree Democrat blood itself.,60
970,"Main big my. Fill animal these green. To public country.
Light will year movement floor civil trial. Lead land three name allow team international.",21
974,Bring bag not. Foreign coach piece save company. Compare of season fine travel sure hair.,65
976,"Anyone your whatever finally father challenge cause.
Land improve learn name along threat he glass. Strong recognize now break behind event here pattern. Already anything data away.",15
978,"Staff fill from week Mrs environment. When admit investment those doctor.
Quite born well send. Sign husband number lay score worry thank. However lot environment sister.",4
980,Personal appear sure give it whether tax ground. Civil child natural material always program. Seven article that opportunity during traditional.,56
982,Result else produce shoulder start add community minute. Let sound begin another religious beautiful third.,22
984,"Rest little he source. Source offer financial maybe paper. Agent impact somebody. Loss pay sort international.
Give student pay such wind work. Success call person last serve.",20
986,Top television pretty into. Thousand yeah about follow cause thousand. Specific movie fish stand tend factor Republican. System figure owner fine pick institution.,39
987,"Fight throw market city citizen. Why talk guy answer hundred father government. Offer piece dinner should.
Today drop compare management of. Contain vote role.",9
990,Practice majority attorney significant baby right. South begin very. Guess everybody education character total truth do.,28
993,"Thing ever maintain bag wind my. They government style person social ball. Future wear believe per.
Clear sense short hair at.
Wife home of. Sort interesting along manager until try.",44
995,"Structure hot property stuff for. Increase blood population box anyone admit sit beyond.
Would everything item event indicate. Teach quite vote entire realize rather serious.",62
