firstName,middleName,lastName,phone,email,address
Shannon,Billy,Deleon,338-728-6232x935,angela93@example.com,"6859 Rogers Drive Suite 030
Martinhaven, DE 64281"
Kimberly,Gary,Dennis,+1-911-469-4889x85121,egonzalez@example.org,"7907 Rachel Islands
Danielberg, MT 53232"
Maria,Francisco,Williamson,904-582-3511x62932,david84@example.org,"053 Chase Parkway Suite 840
East Patrick, MA 91928"
Paige,Charles,Watson,874.571.8674x966,lisa69@example.org,"PSC 1127, Box 8289
APO AP 46370"
Carl,Edward,Gonzalez,2512236151,thomas53@example.net,"07260 Owens Isle
New Mark, IN 12603"
Donna,Eduardo,Sullivan,(232)433-5997x56700,tony26@example.net,"296 Bates Plain
Port Christineville, AL 16935"
Steven,Sandra,Schmitt,889.653.1439x71907,brianmartinez@example.org,"6076 Lewis Estate Apt. 238
Port Jimmyberg, MO 57274"
David,Mallory,Harrison,642-587-0725,ramseyjames@example.com,"833 Burns Plaza Suite 446
Port Karen, CT 36970"
Crystal,Cynthia,Freeman,945.256.8044,rebekah83@example.org,"144 Smith Coves
North Jonathan, AS 76422"
Breanna,Nathan,Sullivan,(734)481-4326x628,udavis@example.org,"20960 Jeffrey Springs
Port Ashley, NJ 95702"
Amanda,Theresa,Duran,+1-939-296-8207x1534,lauragrant@example.org,"7090 Ruiz Ranch Suite 825
North Kristen, KS 87883"
Chelsea,Christian,Glover,9119147796,barnesanita@example.com,"6205 Nelson Village Apt. 843
North Cameron, CO 29178"
Bradley,Carol,Harris,+1-476-833-5560,jgreen@example.net,"930 Hoffman Green Suite 721
Port Teresa, MT 90964"
Justin,Joseph,Morgan,001-720-713-9818x5194,robertrobinson@example.org,"87285 Adams Shoals
Santiagochester, PR 85442"
Gregory,Felicia,Hayes,001-922-562-7090x67949,nicoleyoung@example.org,"4790 Klein Spring Apt. 476
North Robertview, PR 54519"
Lauren,Justin,Petty,817-221-2984x3146,aaron56@example.net,"57215 Harris Mission
Margaretbury, MO 82086"
Michael,Timothy,Murphy,9126440201,donnalynch@example.com,"Unit 0283 Box 2238
DPO AA 19260"
Matthew,Ryan,Vargas,+1-976-464-9112,salazarjeremy@example.com,"4283 Suzanne Stream
Victoriaburgh, AL 33010"
Ryan,John,Chapman,9365195474,gturner@example.net,"31870 Sherman Port Apt. 641
New Brittany, NV 99852"
Miguel,Kathleen,Payne,662.464.5656x544,zfigueroa@example.net,"04975 Ortiz Lake Suite 560
Andersonland, OH 90190"
Michele,Barry,Koch,001-822-365-7104x64136,laura22@example.net,"PSC 0757, Box 5454
APO AP 56380"
Amy,Jennifer,Walker,581-560-4199x684,clarkamy@example.org,"738 Jason Centers Suite 210
South Williamport, MN 21578"
Jacob,Michael,Rice,8238424465,bmcneil@example.net,"8720 Stuart Dam Apt. 149
Yvettefurt, MN 80781"
Robert,Bryan,Dixon,(973)405-1079,jamesliu@example.net,"679 Watkins Village Suite 773
Devinborough, MA 10746"
Charles,Kyle,Chandler,001-840-968-9249x2373,toddnewman@example.com,"379 Ellis Station
Landryton, OH 72152"
Jennifer,April,Clark,(513)924-8404,jessicacuevas@example.com,"57873 Riley Orchard
South Mike, HI 36812"
Eric,Edwin,Smith,(884)904-7894x35428,gary10@example.net,"4616 Boyd Corner Suite 153
New Kaylaport, AS 41116"
David,Matthew,Hubbard,+1-236-717-2702x9120,hlawson@example.net,"84377 Terrence Path
East Natasha, VI 04664"
Laura,Darlene,Everett,8788599585,lukegraham@example.org,"1861 Rhonda Heights
Mariashire, NH 50132"
Sarah,Tracie,Acosta,517.259.6166x617,kellylaura@example.com,"25076 Renee Row
Lake Heidi, NC 82765"
Kenneth,Kristopher,Baker,779.810.5296,jason76@example.net,"19243 Charles Mills
Robbinshaven, AK 44423"
Mark,Jeremy,Travis,+1-802-425-1349,haysalan@example.org,"7675 Julie Fort
Santiagomouth, AZ 06104"
Roberta,Derek,Hill,504-636-6985x8996,omendoza@example.net,"175 Sparks Unions Suite 703
Kellyfurt, NV 46739"
Calvin,Luis,Parker,+1-854-284-8086x386,parkssabrina@example.net,"16929 Hicks Roads Apt. 466
Victortown, NM 57151"
Melissa,Melanie,Bass,+1-715-227-8593x596,jacobtorres@example.com,"391 Hubbard Islands
West Karen, AK 00502"
Kimberly,Cheryl,Gonzales,582.507.0914,jcannon@example.net,"64910 Kelly Points
West Kentport, ID 28954"
Joy,Mark,Kelley,872-356-1388,spencerlori@example.net,"0358 Samuel Light Apt. 717
West Amber, WI 34503"
Daniel,Rickey,Harris,353-477-1542x9251,esteele@example.net,"11684 Williams Square
Amandafurt, UT 29257"
Michael,Justin,Jones,001-211-824-3645x31757,keithwong@example.com,"4603 Keith Landing Apt. 550
West Danamouth, FL 52778"
David,Jennifer,Bolton,3096975499,bgibson@example.org,"USNS Shaw
FPO AP 14444"
Colleen,Amanda,Bean,(351)221-5765,millercrystal@example.com,"7313 Erica Hill Suite 846
Alexandertown, IN 92868"
Mitchell,David,Velez,001-813-649-3282x99154,odalton@example.com,"009 John Bridge
North William, DE 03087"
John,Julia,Lang,(720)373-9535x559,maurice01@example.org,"1839 Bowers Islands Suite 119
Reeseview, ID 48577"
John,Micheal,Bennett,947-417-7363,rachel69@example.net,"7781 Chad Forest
Port John, MI 69169"
Jessica,Jacob,Gardner,+1-513-959-1553,hrobinson@example.com,"109 Cowan Overpass
Michaelstad, MT 99777"
Lisa,Dylan,Cox,+1-272-912-2634x3789,elliottanthony@example.org,"USCGC Baker
FPO AP 28213"
Alison,Robert,Hogan,471-519-7873x06388,manuel76@example.org,"019 Lucas Mews Suite 951
North Jeffreyland, NH 94992"
Brian,Rhonda,Palmer,685-543-8132,jason11@example.net,"62673 Marquez Mountains
North Jeffrey, KY 06249"
Frank,Rebecca,Williams,789-333-5530x5166,amanda84@example.org,"55941 Brown Skyway Apt. 784
Whitehaven, AR 20826"
Renee,James,Drake,951.633.0727x59471,gregorymadison@example.org,"983 Cox Islands
Patrickfort, AZ 97927"
Jennifer,Lisa,Underwood,+1-389-928-1038x53189,ijones@example.org,"682 Michelle Turnpike
Lake Michellechester, AL 57290"
Jared,Jacob,Hayden,491.897.5962x36258,amandaweber@example.net,"69878 Stanley Forge Apt. 554
Josephstad, WV 06671"
Emily,Susan,Mccall,+1-883-709-4799,vjenkins@example.org,"40993 Mark River Apt. 287
Antoniobury, MD 31693"
John,Susan,Smith,+1-571-383-3234,weavermary@example.com,"9206 Ashley Plaza Suite 436
West Annaton, FM 39951"
Daniel,Alicia,Flores,414.995.7641x09033,ldeleon@example.net,"4794 Ryan Fords Suite 229
West Scott, CO 85590"
Sheri,Andrew,Gregory,(774)331-6472x55209,johnvelazquez@example.com,"72349 Michael Mountain Suite 342
Port Gregoryberg, MI 14453"
Amber,Matthew,Leon,788-944-1289x75779,hopkinskristie@example.org,"117 Olson Plaza
Juliehaven, IL 33454"
Sean,Billy,Davis,817-316-0102x9104,zhurley@example.com,"97460 David Loop Suite 624
Christopherton, LA 54697"
Crystal,Roy,Anthony,250-523-3252,rwhite@example.com,"011 Jessica Turnpike
South Charles, DC 43059"
Stephen,Robert,Munoz,+1-243-661-4089x376,vazquezkristina@example.net,"0362 Kaitlyn Knolls Apt. 683
Hernandezmouth, ID 70623"
Kathy,Alex,Mays,(240)985-9655x700,haley01@example.org,"48304 Ramos Branch
Julietown, NY 75690"
Omar,Karen,Woods,743.620.2132x03951,xschwartz@example.org,"USNS Davis
FPO AA 11439"
Kathryn,Harold,Wagner,+1-537-915-5998,cjohnson@example.net,"21217 Rachel Radial Suite 639
West Vincentland, MN 07318"
James,Paula,Jones,4502873593,scottgibson@example.com,"75538 Atkinson Court
Mitchellside, NE 99337"
Devin,Destiny,Johnston,+1-902-219-8824x62495,sheltonchristopher@example.org,"847 Austin Estates
Jimmyborough, NC 61586"
Brandon,Peter,Beck,(999)901-0413,cruzrobert@example.org,"8144 Scott Lodge
Port Amanda, OH 41645"
Jacob,Samantha,Nguyen,001-623-909-7293x391,gblackwell@example.com,"221 Calhoun Valley
Lake Vincent, MH 91003"
Emily,Robert,Cruz,402-202-1465x584,mhunt@example.com,"0626 Anthony Gateway
Brianbury, NE 54725"
Michael,Tonya,Smith,782-469-5258x1629,fjones@example.com,"0340 Hunt Route
Port Connorburgh, HI 99074"
John,Jeremy,Hall,411-346-2285,adam98@example.net,"2465 Bonilla Track Apt. 706
Stephensmouth, OR 47384"
Andrea,Peter,Davis,(514)748-9221x73614,fwarren@example.com,"3431 Chang Forge Suite 602
Andersonhaven, NM 41235"
Mathew,Brittany,Pratt,(318)705-7734x8756,brandonthomas@example.com,"9385 Turner Springs Suite 101
New Douglas, DC 35592"
Brittany,Joshua,Allison,246-960-1099,monicasullivan@example.com,"232 Michelle Lake
Port Jeffrey, TX 63624"
Nicholas,Amanda,Cabrera,363-980-6686x9484,summersdana@example.com,"8146 Willie Mall
Ericaland, NM 65752"
Kelly,Paula,Irwin,794-778-4685x1899,jaredknight@example.net,"4670 Barnes Drives
North Kathrynborough, PW 34071"
Nancy,Laura,Spencer,001-816-556-8866x262,ethompson@example.com,"5448 Roth Dam
North David, FM 87449"
Sharon,Maria,Woods,589.444.9731x742,ysmith@example.com,"61368 Katrina Alley
Lake Dennis, NH 89054"
Joshua,Craig,Weaver,532-956-3446x27317,andersonmiguel@example.com,"3023 Carla Roads Suite 673
Martinbury, VT 48591"
Phillip,Ruth,Cole,730-825-2535x29896,alexa29@example.com,"94011 Crawford Harbors
Goodmanmouth, AK 08565"
Joseph,Melanie,Wright,+1-711-627-9768x0583,alfredmiller@example.net,"872 Johnson Trafficway
Port Joshua, MP 46912"
Anthony,Melissa,Shelton,456-233-5961x8475,garciakenneth@example.com,"0768 Michael Knolls Apt. 407
Stewartfort, NH 05547"
Nancy,Joshua,Young,(203)975-3828,wrightdana@example.net,"43663 Hawkins Junction
Birdtown, IN 96859"
Megan,Laura,Smith,614.455.6034x6850,stephaniegibson@example.com,"5002 Morrison Passage Apt. 738
Danamouth, NJ 29795"
Donald,Cheryl,Jackson,001-377-393-2094x1287,amyfields@example.com,"80666 Harper Islands Apt. 923
Samanthaburgh, MI 46688"
Brittany,Ashley,Roberts,+1-704-902-9149x727,juliegreen@example.net,"557 Lacey Locks
Davidchester, SC 22405"
Lisa,Whitney,Dennis,(360)418-1214x78067,zcarlson@example.net,"500 Angela Burg
Gordonbury, WA 28012"
Steven,Aaron,Wilson,(610)780-8514x6751,leejack@example.org,"Unit 4176 Box 2269
DPO AA 54423"
Megan,Brenda,Harper,+1-885-585-1712x8184,amynovak@example.com,"9016 Timothy Port
Abbottmouth, OK 22515"
James,David,Garcia,554-606-1953x473,villanuevadavid@example.net,"951 Laura Ranch
Richardsside, OH 49234"
Brian,Nancy,Macdonald,204.584.3957x31950,cristina62@example.com,"41156 Sparks Wall
North Paul, MD 64533"
Donald,Thomas,Jordan,(395)452-7933x80372,hernandeztodd@example.org,"7955 Smith Crescent
South Jordanburgh, WV 18491"
Amanda,Courtney,Hopkins,453-400-5305,wadejames@example.net,"USCGC Santiago
FPO AE 78245"
Wanda,Kristi,Nicholson,(593)536-9172x528,vadams@example.net,"106 Ian Expressway
North Jeffrey, WY 23624"
Melissa,Jeremiah,Walker,5786911371,ana02@example.com,"259 Kyle Extension Apt. 187
New Katie, MD 56657"
Aimee,Katherine,Mcknight,001-791-332-8019,ashley22@example.com,"515 Washington Canyon
Fieldsstad, NC 67502"
Hannah,Tiffany,Robles,(689)429-2593x61512,kelly66@example.com,"89295 Barron Pine Apt. 390
Lake Susanland, NE 82231"
Andrew,Mark,Cohen,(483)662-0286x4905,dicksonmegan@example.net,"5371 Lauren Stravenue Apt. 933
Georgemouth, VI 23538"
Mary,Dalton,Reed,626-801-3151,vdavis@example.net,"531 Sara Coves Apt. 739
North Corey, MD 42729"
Sara,Tiffany,Stewart,(469)925-4304,ngutierrez@example.org,"2631 Allen Loaf
Davidchester, PR 70710"
Kurt,Christopher,Santiago,(324)245-7264x23682,andrea71@example.net,"4849 Willis Street
Port Erikside, RI 85962"
