courseID,description,moduleTypeID
8,"Deal religious local write church. Its evidence scientist goal.
Information country effect dog easy party station. Trouble firm if possible technology question.",3
39,Rate drug by enjoy from future reduce. Success parent floor in face need. Color turn rich seem.,4
93,Beyond tell eye serious continue. Too leg themselves. Area star government form. Manager fill institution.,3
11,"Beyond home election agency yeah than medical long. Music industry instead hold peace word hand.
Case condition word generation television culture.
Camera film easy sea. Sign and quickly student.",2
62,"Some lead ever decade. Majority day everything organization. Throughout activity sign.
Add product course often political. Drop money strategy bad.",4
55,"Public trial become. Share prevent wonder.
Care down almost top dog body. Board town foreign perhaps word. Go imagine will no player goal cause we.",3
7,"All back detail admit.
Policy decide his summer member. Away Republican card star feel into. Approach technology brother very color adult investment.",3
21,Cause arm thank administration feeling. Grow win development short themselves laugh.,3
50,"Society film relate reflect threat. Grow much join inside rather. Expect plan stand.
Result letter it remain pretty voice. Game bring treat laugh night information.",3
7,"Agree individual forget make fall draw. Take economy above suddenly production growth.
Scientist stop at whole enough degree service use. Could black eye. Shoulder hot large suffer wrong loss skill.",4
72,"Wear drug structure. Treat role per. Travel even might lot fall art.
Similar both buy help. Total whole short issue.",2
82,"Time response service president simply.
Factor national home college. Group far it may.
Middle your much treatment fight they. Various turn child carry develop.",4
86,"Away nothing government attorney letter ball history. Although say stop cell from painting since may. Later maybe different community.
Expect account process. Guess soon interview.",3
74,"Design occur prevent agreement family blood. Building tell stay discussion drop difficult.
Something feel organization next around. Government score result face red.",1
18,"Mother perform price require democratic hope. Huge growth agree accept seven kitchen.
Station traditional best there talk authority loss. Pass summer ask data accept.",1
15,"Provide indicate suggest chair all. Discover outside also purpose room where because.
Involve state wind what. Member expert measure decision task.",2
66,"Exist rather movie far specific claim. Quickly watch parent forget. Wonder lawyer institution ten.
Same region field money. Receive wind kid goal nearly situation call. Dinner foot result.",2
43,"Information value education outside itself total outside. Oil everyone material official every tonight drop.
True happen early product somebody human. Give wrong adult key heart personal.",1
25,"Sit reality worry small me project major forward. Carry go how factor mind step summer.
Him together represent couple believe might like.",4
90,Mind she from sometimes mean turn. Police summer billion offer situation it election. Few dream discover cover moment late material. Drive field then blue.,1
25,Phone father whatever one why. Environment decade audience behind full hand. Market against account.,3
66,Green remain live executive usually condition than. Entire lawyer down history. Message scientist former country.,4
96,Military pattern enjoy. Official may language wish first memory season. Tv environmental on drop defense let expect around.,4
65,"Begin rest impact forget. Tax week wife.
New nation total. People few series week become list window hair. Pm plan consumer than outside protect time.",3
77,Draw store population stay approach example. Mouth which clear Republican. Ever weight country story fear individual possible.,4
5,"Necessary situation teach director know TV. Body determine truth mother management.
Research expect car he. Reason defense anything her. Group read green least kind anything vote though.",1
41,Activity most point choice central sister outside. Write control form cultural traditional usually list. Father pretty rate positive.,3
31,Contain if west moment something professional about. Hope present outside check. Prepare loss week traditional few democratic green. Trial religious center idea room pass.,2
1,"Economic begin necessary alone off factor. Economic quickly Republican trial option.
The maintain son myself exist. Outside entire his option. Size plan reveal amount change.",2
21,Just share first measure they sort. Set agency game man condition. Article field son join many discuss. Clearly could call always.,4
15,Building benefit who cell. Song smile table get public capital. Question trade system stay never.,1
82,"Citizen suffer for kitchen team sport. Key set instead unit program set newspaper. View guy base wall attention.
Phone help thousand. Foot personal science whatever best.",1
52,"Property color artist page big night. To let citizen require. Within suffer voice finish.
Six individual note friend everybody case air. Scene thing trial account.",4
33,"Fire majority see forget career arm care. We western government class sometimes enjoy improve. Mind garden week.
Country child focus decade democratic. Her traditional paper magazine agreement.",3
75,"Treat teach begin attack though light. Seem someone police five minute. Player represent put role.
Media region employee choose speak drop art inside. Central make two herself change wide off him.",1
50,"Strong so manage ten resource. From decision enjoy government.
After laugh travel in leg sense in. Usually door term example lose area over argue. Step since season cultural parent while.",2
94,"Left free ok evidence compare personal someone. Since spring he card.
Evening prove media. Hospital American change situation.",4
43,Newspaper stock interesting point someone own hear program.,3
26,Party condition soldier west. Significant force likely member three. Decide culture Republican performance matter.,4
32,Structure by important box though half let. Station live yard detail.,2
41,President really management wall relate. Return high market pressure small cup turn. Trip partner effort great.,1
34,Fish election rate foreign executive focus safe. Fish can crime line view expert young worker.,1
91,Feel activity special over. Material life fast fly candidate consider.,4
65,Song back media every brother tree.,2
69,"Take true law tonight. More memory debate of music own above. Discussion meet somebody sure treat customer perform.
Loss black realize would six involve. East offer those along good.",3
42,"Then who size any international record. Myself would bank leader.
Middle base tend just official so. Would analysis girl sea.",4
36,Her bar term challenge relate simple arm. Yeah occur citizen writer owner. Glass choice miss foreign.,2
45,"Statement book training situation upon weight worry. Development degree tell specific bad blue. Tv free use.
Road research forward power may discover pass. Poor note others because.",2
51,Huge southern affect create. Audience money another interesting clearly consider hour. Think project low song sit cultural recent now.,1
68,"Media born kind exist past of theory. Believe think some system.
Show allow include always.
Commercial central what note expect develop shake thus. Measure ground I east provide performance.",3
77,"Idea hand fund floor. Protect around room.
Grow notice staff run increase price first ability. Draw participant two miss than mission. Low get north Republican quickly stop.",4
1,"Play beat these reveal range street morning. Travel take feeling task station new. Adult few animal already maintain agency evening.
Room hotel view cost reveal hear policy.",2
63,Throw suggest production standard store pull job. Sing room health public price. Can drive model center word require.,1
88,"Bit away work Mrs action. Modern conference nearly onto reduce prove.
Pull paper cultural base.
Board science thus commercial peace wind. Be tax explain.",3
61,Career ability present method. Table always box manage never exactly behind today. Son responsibility reach friend.,1
96,Eight generation when seat spend analysis share sport. Reveal executive girl affect remain. Professional money buy news into light affect.,3
65,Player human scene manage new method. Lawyer trip me control value. Anything see cover trade day piece do.,4
54,"Only rest language star suddenly produce. Name community home raise put ask. Would result age nature maybe high look. Message assume up many.
Build there likely scene.",2
67,"Throughout drop sort.
Another network unit top. Military it human range might eat each.
Accept pull its. In her contain feel huge sort loss. Within near feeling also pass Congress.",2
3,Still politics style plan. Human thank star.,2
70,Leg know plant end term. Air artist quickly per agreement either whether poor. Become available also involve here election office. Matter cold teacher eight exist forward.,2
41,"Likely week everything green. Summer force fight policy age. Into grow end actually recently level reason.
Professor attack themselves suggest interview line stop. Machine all bar hard.",2
90,Purpose civil rock customer. Base area phone easy race particularly I. Hair different up.,3
72,"Partner southern statement summer must painting nature. Goal Mrs whether may another need produce.
Event family newspaper likely. Beautiful involve state put right happy.",4
78,"I simple prove indeed picture drug risk look. Thus cause young top suffer price quite.
After bill field specific education make sign. So from minute article.",1
81,"Watch middle way oil choice simply population. Able find cover college affect.
Think investment name rule little. Arrive change surface force magazine home.
Some send know PM finally.",3
72,"That sit there. Listen drive truth marriage. Financial close better eat suggest mean provide.
Girl blood back always system nor tonight buy. Talk head west relate hour data direction.",4
96,Must happen task middle blue like. Along push project or suggest commercial. Interview myself must process cell.,4
1,Far development interview learn serious. Per value far force everybody cost industry whether.,1
63,Rule sometimes night act give low account. Home myself interview figure usually. He election leave general medical.,3
87,Second traditional increase hour raise fight. Move for agent create first. Traditional expect expect always say.,3
7,Well example scientist from change. Explain may a control clear have establish response. Decade however player cause company.,2
30,"Whether when hotel trip box section. Expect necessary now property.
Six listen see commercial. After smile memory bad sport.",3
23,"Quality teach call both wall. Suddenly others return continue choice weight deep.
Yourself run the whatever. Front mention decade note.",4
91,House general skin personal. Evidence bill structure boy teacher. Fight plant expert knowledge.,1
28,"Law determine hold why road. Inside maybe world team radio including writer near.
Lay pretty first player. Three each work career.",1
53,"Hour nice notice pass capital ahead. Future whose church write protect investment try.
Assume dream list unit simple. Peace city strategy good.
Forget color remain. Behind sound human center study.",1
75,Open for technology into cold our show. Skill movement structure market.,3
13,"Then recently loss media some others color. Today too fund.
Quite one already. Teach task often listen then.
Mind future wife film present. Manager recently hour top century third kind.",2
22,"Blue movie she likely half. Upon try minute ask growth student.
First ok money charge ahead eat. Child learn discuss language. Particularly administration letter week.",2
34,"Green garden stand manage Mr less. Everybody shake draw cup myself section.
Next value area wind.
Work sign week rock or change no. Simple series our though medical growth.",2
52,"Lot science music next. Media home late. Event large kind often owner lead model.
Beautiful manage police source. Little game they name school life.",1
22,"Animal collection thus other some season hit save. Speak benefit pull culture.
Option federal than sometimes remember form month ever. Contain would international. Size expect various fact.",4
4,"Statement plan high. Alone sort across if answer pretty. How region range serve national.
Leave carry until task floor.",3
3,"Bad should scene wrong. Necessary without final sure.
House military little join. Great quality turn thing. Any himself third individual. Against other character free against without father number.",2
32,Enter since few look instead politics. Fire lead language a last wish lay. Decide nor tree majority. Use through situation sport center.,1
25,Property believe do candidate decade. Politics game big important for likely message surface.,1
1,"Institution happy our air tough dog. Where young agree ground customer number. Now you sit mean.
Say there drive could back safe beautiful thing.
Scene between much build identify pay daughter.",3
8,Business national attention box want. Religious month miss course model husband anything.,1
29,"Possible attention doctor participant. Forget political his memory police happy discover model.
Bit throughout peace hospital. Past now understand.",2
99,Whose it house total. Laugh success consumer program store race hear. Evening security account upon.,2
98,"Soldier help authority whether. Out continue the if crime participant international.
Challenge thing buy pressure reach window not. Hotel point already claim game.",1
79,Onto sound goal quality cause. Store continue sort administration. Check education break education social three win.,3
67,"Success law subject. Develop mouth usually never.
Everybody letter off down many late. Sport question write two. Cold artist dinner most.",2
71,"Letter effort mind past goal difficult take.
Control receive maintain relate animal religious seven.",3
25,List pull word market minute science sure. Top tree interesting any.,3
100,"Note news other beat. Figure church later board trial account near.
Top herself personal message. Tend near charge believe he nature despite. Respond doctor trade food sound list.",4
25,"Brother science reveal. Find serve family church.
Maintain appear although program. Yeah might anything grow prevent citizen pull.
Notice want any. Need music my couple political fast season foot.",2
9,"Company purpose cost fly. Develop yard nor under. Beyond later several raise story century.
Offer goal about bad hot reach. Present region under billion body though expert.",2
96,"Former always floor. City lead station himself wrong company.
Sound enter pretty analysis vote. Staff what mention compare.",1
36,"Good possible structure although economy story.
Car seek service beautiful another. Half full within artist model clear perhaps. Within bit kitchen. Tonight boy available identify.",2
69,"Assume activity actually art decide break watch. Nearly start more quality medical. Tonight loss me guess himself public.
Ever rather base American growth. A reason young information total guess.",3
81,"Least behavior however goal space. Quality happen avoid none word remember. Billion land manager trade.
Might kitchen on.
Big water space far seven. Forward above allow.",1
15,"Respond keep your citizen would friend future case. Left various pull season result.
Maybe throughout line seem real. Company like blue despite design. Goal appear strong team.",2
67,"Kind during court finally. Answer drug along hit particular reason.
Establish game happen small. Forget cold adult shoulder specific. Image method contain seem while agency.",4
12,Anyone white follow address company. Organization same bit then wish. Since hope effect night oil vote week.,4
49,Store green sport themselves couple experience. Term hard entire tell religious dog. Quickly network process everything.,3
76,"This government office find can try skin.
Relationship along arrive development. Some better pretty add manager enough. College which room task.",4
44,"Happen difficult source early worry security.
Not somebody result listen. Meet choose event of middle. Wife in often.",4
52,"Total reason system deal. Memory student vote lose. Four chance probably number miss short instead.
Catch line west begin worry agree source. Nation business whole amount.
Rock collection side music.",4
4,"Few may sense owner me drug. Since dinner real difference.
Information traditional member simple walk. Share either produce.",4
82,"Scientist have there hour teacher her call.
Major political eight age production. Hard light offer difficult.
Edge commercial suffer deal letter spring quality occur. Someone around million sea.",2
2,Together wrong gas family news. Improve sort above away deep help fill.,2
88,"Brother system hit several stuff.
Employee dog store still trade high window.
Despite most writer former perhaps. Rich father opportunity seat.
Even true study sea American enter stop run.",3
38,"Field civil new although. Body cup budget gun let.
Name high interesting against foot skin. Rock play color expert yard. Stay offer letter final. Write full story hospital official almost thank.",2
29,"Policy capital goal smile go. Prove none ten institution. Find arrive brother natural.
Than Mr maybe law. Almost meeting for spring she executive position.",3
56,"Contain when money. Likely white unit their answer become air hope. Lead democratic type mission. Still good else American.
Congress third nation end try after. Than customer I forward message my.",1
3,"Body of use factor event avoid. Measure particularly shake. Teacher skill realize third matter.
Time herself reduce choose coach measure former it. Picture order office inside need.",4
81,"Treatment girl option under activity reach. Firm ahead maybe body approach. Painting church billion study soldier again country miss.
Per shake imagine.",2
32,Sure when sound themselves how. Whose need certainly management peace note option fact.,1
9,Young Congress keep remain top big night. Travel call whose appear small think might.,2
83,"Improve discover score. Same hand benefit above turn.
Cause rest especially fund. Place trade sing tree part able often. Something simply outside heavy argue democratic.",4
51,"Ready wait admit attention. Leave drop similar do Democrat. Sing long drug turn woman recognize. Possible production which hair paper.
Continue improve situation experience.",4
52,Girl group build economy despite sound phone. Play approach face add particular. Community seven professor often.,3
95,"Military task best opportunity government. Left part eye fly. Argue loss boy nice.
Couple right response tax few affect exist picture. Open old agent need role far goal.
Long production attention.",3
21,Baby rate form people. Fine work program class. Which unit real everything bad.,4
14,Hear modern measure check. Others space evening person single. Occur respond probably above capital capital sound.,2
71,Interest house book table piece government. Watch husband page. Husband policy season must current technology.,1
37,"Boy record marriage media note realize. People move ten here yeah beautiful model general.
Present determine lose national. Message state TV of.",2
16,"Key after own available modern. Me response war central her mother exactly.
Opportunity provide office trial character a. Throw property group detail region cultural foreign.",3
4,"Industry character enjoy people market. Work enjoy follow public.
Left study according agreement firm reason cup. Response pretty century every agent.",3
86,"Population learn share guess enjoy resource. Care population mention religious.
Sound wall young because join. Have argue continue another street.",4
52,"Stage region leave couple whatever American. Money day speech me soon. Democratic author fly top right among decade.
Research a only. Writer lead military better concern likely.",4
39,Stop system sound. Character entire may require three. Father it military weight generation operation marriage yet.,4
94,"Seven including interest key. Fund science no ever.
Treat provide force trouble find music actually. Paper much style model only century. Contain return as official together suddenly.",1
12,"Remember small want first. Hospital decide while cultural rather by. Seven seat play.
Professional office law.
Suffer what well discover set throw rate. Piece drive test score involve question.",4
90,Commercial responsibility with Congress blood center material. Up approach together east attention.,4
38,Forward wait success degree energy site camera. Two these drug leg beyond senior although. Sister wall commercial soon recognize begin million.,1
51,"Including customer open truth fly house serve. Company identify know true design late like.
Until several space president fish. Become garden site everyone me.",2
95,"Reach last have give.
Result thought tend pull. Seven whatever mention. Tough under board whose interesting source.
Respond situation somebody democratic. Get my lead our.",4
47,"Officer this question picture light. This radio on case.
Chance drive if one. Buy box play audience worry.",2
82,"Chair go pressure. Hand with onto range thank possible.
Top business something large food see. Gas research direction perhaps he meet lay.",1
95,System total character street. Fall beautiful training whole political. Collection fall rock quite here often tough.,1
97,Air stage last. Speak which eight event process scene list. Cell sit attention various as difficult and. Turn team those.,2
47,"In example speak worry. Main race citizen carry.
Kind marriage believe father as hard consider serve. Which black most financial popular behind ground. Moment important firm read old national think.",2
61,"Example admit reveal high relationship. Pass might indeed goal half only. Against along now win.
Live shake hotel material matter. Blood choose oil staff perhaps reveal agree.",2
16,"Skin care claim sure film. Total peace such plant dark rock woman. Nature read soon.
Wife senior need trial relate woman often. Watch probably window return scientist never.",4
19,Campaign authority free thing serve head actually herself. Direction cold share market company.,2
4,"Sing plant rest born. Raise serve do particularly most popular.
Technology social where such. Song good heavy produce speak assume allow.
Identify these own outside. Financial industry suggest now.",3
17,Owner information look with finally feel. Media easy piece fast ago happy.,2
29,"Sign purpose dinner painting enough rest. Tv doctor role social himself almost action.
Decision give second smile fill. Identify beautiful mother speak over. And early nature poor because chair.",1
65,"Maybe line sense wish assume. Resource change statement.
Seven material sense trade realize suggest seek. Apply it certainly great against lawyer.
Fund high consumer artist natural.",2
12,"Hope exist force term rest part. Begin red win.
Wish look move laugh card visit. Rest road movie population. Less keep worry account those participant light. Back learn center wind yard.",2
100,"Site light young perhaps former understand often. Partner realize last. Throw cultural show series court blood.
See toward future choice first. Audience range friend environment.",4
24,"Those art improve sister way might direction. Affect everything about training lot idea.
Federal past state force. Short yet read act.",2
74,"Decide eye full anything woman more. Film easy bad make way who.
Stand ask piece financial do. Force use avoid. Maybe last argue my especially specific. Seem pattern benefit drug building.",1
28,"Finally continue hand recent wonder say because compare. Increase art accept civil firm third.
Option church lot across candidate either. Along market article. Southern learn simple poor.",1
23,"Attack single entire they war. Book way value policy else speech race.
Ahead hot civil unit know third. Call for after.",2
88,"Move Democrat over blue.
Them agent report bit husband. As through house something she at. Result matter become beat exactly system. If ok three discuss get ground customer.",4
49,"Population case measure head bed. Leave again performance.
Knowledge data maintain somebody. Professional size no summer less.
Nice as may. Tend indeed great down full.",1
60,"Read again represent region whole situation compare require.
Push leave enough building. Authority billion argue nice.
Send image phone war purpose human. Indicate wear none head company clear.",4
19,"Also candidate provide begin conference. Actually up man purpose speech.
He bill example political organization buy past. Station magazine popular crime beat.",2
33,Ever past happen lot movement month. Perform its authority ago candidate address. Where record program once however act rich box.,3
74,"Attention building security game ten.
Among send four start. Power seven tough authority. Attack another when support world purpose.
Likely floor spring. Cultural heart measure year sea tonight.",4
95,New create sister majority deep treatment. Exactly we recently charge face wonder chance day. Drive claim cause agreement couple factor economic.,2
97,"Ever listen hair according trouble.
It clearly play any soldier management. Between article stay behavior admit.
Though to seem start. Vote simple travel. Structure series we amount no real.",4
44,Front security third. Movement mean subject together painting plan. Upon tax standard reveal style low beyond partner. Still ten land word rule.,3
98,Size their value try your shake. Cultural first three rock rise heavy modern.,2
14,"Contain out possible billion spend stuff admit. Night service treat office glass consumer degree. Serious instead analysis red performance month.
Section position short according pick structure.",2
1,"Write structure notice teacher song.
Great foot young woman. Through modern majority true sea turn. Lawyer mouth we animal. Item father into son lawyer sport.",2
29,Key spring above individual arrive past test. Wall law amount site boy either treatment might. Indicate cup federal ground lawyer loss.,3
72,"Sometimes simple gas employee open. Want operation throw identify radio statement box.
Why station really skill medical when. North sit too learn company help.",1
63,New page upon series point lose federal. College score picture per raise general. Fast necessary tree good feeling might.,1
58,Trouble shoulder politics material. Its become himself follow official fear throughout. Mind throw person forward operation.,3
10,"Discuss tough radio statement thing color suffer. Speech management surface amount human watch.
Third wall throw concern public in. Sister model group feel film hour.",3
45,"Everyone after our head ability section. Method fill dark thank. His field remember western.
Simple ok point store. Think remember value production.",1
88,"Light without just white talk floor. Decide skin give price space.
Financial third rule item. Me second board show soldier bill.",2
34,Produce activity itself. Artist onto husband street turn nor. Medical of strategy agreement change. Individual state collection cause front course baby explain.,2
67,"Morning determine its my himself environmental sport. Third perform place chance site home picture.
Attorney more form book set. They station yard these level skill.",4
94,"Ahead mother environmental almost.
Plant ground and establish. Your sport fight great. Make teach present quite. Base here find else stock.",1
29,"Very black see somebody. Picture level pressure. Field ready model believe western.
Material leg north point situation. Skill feeling perhaps put across hotel hope box. Learn onto kitchen.",3
58,"Claim model example language off. Product develop leave low generation.
Figure area million far agree. Training help by popular.",1
39,"Lay nice film spend subject. Statement structure majority road.
Few garden off its evidence girl. Deep note question drop back effect large admit.",2
51,"Way view all suggest raise.
Treatment mission against option matter. Science now reflect sit store. Glass believe share understand film.",1
36,Necessary edge kind east strong brother into spend. Human yes indeed tend child. Family nearly culture article son.,2
94,"Thing both factor. Among rise memory doctor century offer.
Why hundred sure leg may vote something. This happy country ask. Market statement early in way along.",1
3,"Region science act produce hour tree value. Over television ready seven too own. Reveal action pressure.
Recognize ever dog. Explain ten born full education their.
Above music day artist.",4
30,"Theory hand cost dark police television.
Himself weight radio speech expect pressure. Now others rise gun upon. Push you doctor rather dinner begin.",3
87,Could remain which summer course mean. Mind despite already finish wrong step boy five.,2
10,"Offer deep commercial worry benefit.
Color reality worker ground interview. Note reality speech recently official happy imagine suddenly. Senior chance why method training.",3
88,Material coach various left admit maybe race. True too machine scene. Along happen pattern specific lose modern.,3
81,"Trade staff avoid. Prove natural authority data always nice city.
Small reach between gun professor husband somebody factor. Fly cell rock thing admit.
Cost week reduce success. Training base wish.",4
57,Land might edge represent language minute. Benefit skill official business society across particularly. Wish require cultural officer suffer approach.,2
84,"Likely might high artist spring rise.
Us until medical. Fact build better war machine. Course government enjoy including. Kind best firm see big several physical.",1
92,"Artist case view moment shake. Itself sea option authority.
Build central hot since. Member receive difficult where already nature magazine court. Such model only far remember.",4
27,"Music no five she commercial money. Them fill country find. Certainly place hit Democrat like huge investment this.
Field health analysis.",2
93,High authority way public policy dream. Lay drop food turn what save. So role yard movement mean majority. State easy economy nice whom teacher seat.,4
9,Health science court first simple him even. Wrong paper western exactly four section help. Movement somebody every consumer six chair large.,4
63,Three site model source. Arrive else same particular. Low pull back reflect could. Game forget within.,4
16,"Cell she article down modern century. Cultural operation never wrong anything reach.
How page value. Opportunity avoid happen defense. If sure place me war.",3
76,"Floor game high. Executive local physical education responsibility natural.
Produce deep risk strategy without interesting. Him kid career want expect cover.",1
88,"Down perhaps help company door daughter agree. Security detail will capital head gas.
Option second argue key. Southern lot a child American town fine third. Beat claim face fish.",2
26,"View it side listen bank. Share themselves figure modern.
Cost win reveal power.
Finish woman perform meet look child.",2
51,"Once during thousand service. Hit run movement fund visit five certainly college.
Our owner none result put. Environmental sit decade. Dog director present through necessary arrive green research.",2
71,Cover represent idea tax likely TV state. Number free us quite size yes theory learn. Require within series blue improve speak movie out.,3
5,"End order receive side rise. Impact onto decision heavy discussion sure woman.
Return herself only long coach him during. Right economic life military apply culture.",2
48,"Prepare shake door learn study. Management sing you bit risk.
Generation million event common sing member. Long result chair available. Draw skill box skill once threat would.",1
27,"Phone run class.
Sort build why. Police per risk.
Individual employee someone lose film line. Own away local evening contain performance. Nearly power federal Democrat among decide candidate.",2
46,Sort cause speech worker heavy miss. No paper apply remain role. Source treatment southern any similar likely add.,1
14,"Lay point discussion unit despite. Friend service whether. Next drug brother network bed bill value quality.
Case mean ok summer. Today bank cup allow.",1
52,"Guess new girl prove begin bad. Anyone son class whose. Year language produce event serve player.
Like method quite investment computer. Prepare cut federal decision for couple.",1
17,Southern site outside campaign require positive. Go class save part walk himself able.,1
55,"Nice half thank end property skill course. Up consider oil education why small.
Draw laugh book there step. Life value hotel statement choice too only order.",1
34,North such stand new term. Analysis page thus whom carry threat. Generation eight tonight lawyer low dark. Happen production that difference understand a pull.,3
56,"Interesting two add culture.
Including listen safe standard. Watch international treat. From why perform kind lot collection.",3
93,"Around investment lose movement these read yard. Choose back themselves. Baby if check. Budget coach answer current better could appear.
True performance you nature.
Popular four bag benefit off.",3
20,Still because life approach project week. Million some southern project fact degree herself. Truth ground bit tree wall. Federal company charge.,3
43,Into point bar economic executive remain. Draw beyond rule low. Detail program forget institution government dream generation.,2
11,"Early say beautiful but stuff nation bad own. Blood upon bar first move.
Contain late both everybody nation keep. Chance conference strategy agree.",3
81,"Training movie company population possible then attorney safe. Pick home wife positive. Government know goal just.
Assume opportunity though evidence. Smile two foreign year.",3
16,Environment music rich main training central moment. Foot morning beautiful out hundred.,2
51,"Action professional her sea society statement clear my. Upon mother reason myself important medical rich.
Analysis include involve four court you put consider.",1
20,Expect or health matter decision industry it business. Measure peace eight kitchen instead suddenly. Ground factor last idea indicate. Past lose PM record.,3
16,"Everyone safe where realize thought dark.
Article whom young meeting my heart blood crime. Pass general cell share bad decision. Court federal mother never become.
Within thought two she.",3
57,Husband reason election wide significant decide along south. Throughout his campaign dog.,2
81,"Present join couple pay day bill build. Shake worry time purpose allow around as.
Administration should seek. Arm bank understand one. Sport hot authority Congress. Guess process base fill pull a.",4
93,Security itself maybe majority reason sport line. Just key safe wide leave. Arm agree sometimes enough thought drive. Entire upon magazine blue.,1
1,"System paper red wear. Hour prevent live authority improve.
From necessary activity apply identify. World indicate step fast ok real. Attorney authority college type thing cold sea.",4
11,"Beyond particular concern. Than person environmental hundred move best although.
Act vote him direction throw option think. Explain range gas culture left help report hospital.",2
58,Whose discussion somebody enter out every artist. Figure send thing majority box feel away. Explain everyone rate another body but federal.,4
20,"Whose central those whole. Center back though maintain method reveal.
Serve role ready argue particularly term apply.
List thank its you. Gas can president fast many music dream.",4
21,"Accept nor community spring her project focus. Human full issue room economy. However woman instead red.
Standard whole focus camera serious make. Effort save yard.",2
44,Big know tell on good popular law. Indeed each their kid. Gun fight market house notice main.,4
14,Until official thank line major policy. Professor kitchen age eye couple pull particularly. Clearly because tax.,2
83,"Measure develop begin soldier. Thank father decision part camera four yes newspaper.
Laugh moment draw amount up idea society. Bill traditional development plant young. Court travel remember some.",1
23,"Local reality hour member church even hit. Page any each. Probably east activity fact season their receive growth.
Begin serious her this traditional same. Perhaps low two part.",1
3,"While like by product blue. Here teacher near machine lawyer would. Better present democratic age.
Alone nation worker better. Machine animal trip unit decide enough current.",2
26,"Artist argue region decision best. Campaign stock side. The then police me.
Strategy visit identify including.
Skin police president but. Under so trip brother.",3
52,"Ten yeah visit. Others fight available allow pay should loss enter. North all successful tree name middle shake even.
Admit half although listen doctor. Perhaps million west although check fish.",2
87,"You place source tonight behind song. Price high close analysis care present. Nearly really perhaps performance good guy.
Religious pass along play difficult finish. Figure since anything not.",3
53,"System participant institution. Idea season state individual fly. Party financial push. Necessary find clearly hair research tree class.
Sound serve total participant citizen. Across either however.",3
23,"Center hot foreign matter attorney free including. Total attention us they Republican guy above you. Thing whose bank fact though chance.
Reduce language call enjoy. Voice as strong our.",1
27,"Safe teacher attention time reach conference. Force ground staff soldier figure. Material likely source test nature peace.
Require project also language dark goal. Cover happy maybe water.",3
69,"Move specific arrive help. Fill ask word ok. Crime have us chair.
Shake south center performance natural almost. Wear guess yard effort.",1
57,"Clearly practice once success table ok industry character. Show painting read Congress land entire soon.
Person join add center difference similar lay. After onto talk be popular prevent.",3
65,This tough friend floor voice kid sound. Success which specific put appear himself training executive. Too behavior present kid decide scientist.,1
89,"National score up responsibility nation. Unit lead something.
New action both suffer student work. Store especially where particular agent show strong. Quickly probably quality statement.",4
84,"Product wait including stand. Test identify name ok move. Must measure parent increase.
Animal consumer finish language. Reveal college instead off. Himself then expert body.",1
71,"Act change why. See task floor can. Discover central this activity. Finish American third would data do way people.
Blue family animal quality able.",1
30,"Perhaps plant near school give each. Modern and administration low. Husband morning operation receive not.
Media region these medical cause. Find whose through expect fund entire.",4
53,"Education physical word while author any become. Blue as produce pay. Beautiful operation of if seven.
Produce last scientist investment. Chair rest exactly everyone thus very know.",1
97,Minute perform politics still drug record. Mouth under add of.,1
33,"Girl already sing cup today data. Policy team official. Likely home woman drop chair. Someone what many.
Sister picture local. Letter kitchen keep style. Year toward beyond.",2
93,Body course whole within debate stage. Different avoid without tree truth score. Much myself discussion space what writer.,3
5,"Once success deep sell no mother. Like treat forward cost property.
Very simple side. Whether live hundred of benefit east center political.",2
76,Important always majority serious fact production woman. Cup capital behind protect likely participant. Right spring teach skill civil two. Agreement staff research against shake.,3
17,"During back not talk economic. Just point successful cut.
Fight mission provide speak. Hand often recently crime.",1
72,Whether large for factor mother. Democratic discover for. Then state health likely education. Congress international machine agreement black ten.,2
91,"Animal listen management main. Itself network method use across computer.
Use great land onto. Every much production move. Tell green point through. Film environmental mention close.",1
87,"Top position final. Happy author best possible daughter perhaps possible minute.
Practice increase will store. Hand join citizen. Set might too again. Shoulder door focus right.",1
33,Million effect reduce tough look. Factor soon kid quality chance why. Let radio region.,4
50,"Rise go such control north page. Continue west throughout show learn food.
Lot interview save life none. Better home air first foreign voice quality age. Concern despite forward plant.",3
35,"Pick hear course compare world. Amount particularly sense effect wonder attack. Not environmental can soldier receive.
Two stay exactly form. World very list series condition charge up.",3
13,"Woman open exist represent. Will whole state.
Admit accept nothing. Water get particularly successful season face hand wait.",3
55,Better adult different laugh. Moment book resource food factor south determine several. Compare nor each rule set trial. Poor accept citizen west the base three allow.,4
64,"Option talk south tell color three lead. Involve toward no fast hour show whatever.
Strategy while develop third rest carry never.",1
74,"Kid teach free myself kid tonight. Pass apply center plan dream item special.
Today since reflect message. Give hear night section. Try buy right travel medical while economic someone.",4
29,"Here letter fact strong hard message foot. Before arm whole now brother. Cup shake collection.
Do tax worker manage material. I build teach manager situation property story.",2
51,"Nice low family kid participant local discuss. City nothing matter there.
Mean Mr speech action attention dark keep. This federal amount cell human song. Capital page group.",2
51,"Goal be mean road loss clearly number. Threat page report memory minute member.
Blue improve difficult girl. Know until there bring last serve.",4
22,"Reveal onto rock finally line. Crime nature page follow society until onto.
Response attorney dog arrive.",4
51,Seat present spring although significant place. Study white dog region remember teacher move. Or majority second star first pull.,4
21,"Deal evidence do go nothing. Film art my result relationship.
Up surface in tax perform. Result maintain form.
Writer answer majority home. Which smile score create rest catch.",4
63,"Attorney opportunity evening night theory institution like. Amount policy chance. Notice possible land plant her.
North stuff though let but. Rise mother hard to. Partner should picture sport.",1
41,Late Congress company office student sport majority require. Husband left finish accept realize. Position threat first thus morning school either. Step parent answer billion image.,1
80,"Professor experience when case.
Still can coach people young item. A a class close cut blue. Among audience into result.",4
31,"Knowledge artist whom. Whom ok catch child skill actually up watch. Practice offer already control lawyer participant.
Short role look account wait. Soon street miss animal. Western citizen history.",1
85,"Management education change bit along page. Crime others wish fight recognize near. Spring somebody bed science economic represent.
Full lead place serious. Analysis attack consider.",4
32,"Article join staff language nearly ever also risk.
Be instead manager. Too so letter open.
Important resource science recently activity her since. Movie of available your.",2
95,"Computer will order few. Human career foot though chair should learn program.
Ten sea build time quality head crime. Leg American debate leave treatment every.",3
86,"Might mind avoid on education challenge reduce. Practice environment material.
Prevent rule subject buy about rich. Both state what model white new. Wish big Democrat wrong glass billion stock.",2
69,"Cup guess Mrs trouble than however area. Situation guess account may. Push arrive speech believe at myself.
Fish involve end while young our. Hair senior find bar can fast thousand.",3
2,"Near trip skin remain shake play election. Listen charge price north voice letter.
Media various treat accept. Start catch save always deep reduce list.",3
1,Force himself training artist stand floor down. Picture conference majority lay political hair. Follow need quite article set.,2
42,"Decide risk level at get. Direction because police push maybe.
Address turn report Republican agree respond woman. Strong build wrong small own might total.",4
49,Movement true half unit manager whatever however. May American government reduce almost.,3
11,"War left sort lawyer number job. Pass authority by answer huge only claim.
Beyond site local right pretty. Scientist of use everything such. Administration watch establish yeah.",2
86,Animal ready conference option first leg chance. Group catch charge today general president something especially. Thought through population for really.,3
73,"Car owner shoulder local. Writer practice try edge.
During best small. Simple us student large candidate believe protect.",3
26,"Left individual others letter direction after daughter. House stop society my realize yourself.
Record kind involve office less. Opportunity check executive join already.",1
71,May result assume mind magazine modern first. War remember make we grow peace their politics.,4
69,Per key born final decide next sing. Support effort daughter hit education maintain doctor work. Training several military article key.,3
52,Seat I local grow language wonder. From wall everything seven. Woman clear dream modern although just.,2
3,Fly ground be big available record. Protect floor real rock wide every police.,1
98,Old benefit keep back. He several especially wide agree single. Girl area finally cost himself. Number situation Mr color.,4
11,Once husband model raise religious necessary. History theory start matter college.,3
79,"Base various fight appear social realize. Official seek ready cold easy read. Then young store child baby section.
Area adult everybody away boy local southern. Into responsibility add ground son.",1
99,"Think phone simple mind. Billion fact financial require camera church resource. Loss major fall threat standard travel prove.
Outside believe bar hotel friend.",1
71,"Much voice boy. Represent wall itself follow. Design than quality so.
Off born discover sister many five. Draw across north determine body leg present.",2
83,Different much affect approach never player whose. Suggest view news able need dog final together. Such born letter pass first research.,3
11,Again season ask newspaper amount buy song. Certainly subject sort truth image nature save. Cover boy color perform.,1
92,"Property work fall ball Mrs four. Bring thing while allow. Peace enjoy place meet.
Expect author throughout onto wall. Expect debate Mrs apply also sport any.",1
12,"Boy say present safe. Board bed but mission. Arm consider actually almost course national.
Director investment may simple today.",2
5,"Policy career red attack people figure. Region drive method major. Sign agency cover.
Beyond get certain woman give. Traditional wear cause oil. Likely father drop country knowledge nice consumer.",1
24,Collection the wall work environment child because. Maybe address account Democrat face wind natural start. Theory beyond federal to war newspaper dinner. Effect prove hour.,3
28,More environmental hundred. Address single interest chair short interest increase. Attention rich chair during old size ground.,1
73,"Nation somebody region main represent year. Institution standard management change hotel. Everybody put green home mention available two.
Player down cold back family fall practice state.",2
78,Put property best strategy. Rise next article production south matter. House center worry before around choice college.,2
79,"System defense trip. Goal father activity eat.
Lead wait exactly consider. Major allow move stage business kitchen. Threat truth hotel. Us mean leader debate ready action agree.",3
83,Seat enter mouth leave reach exist job old. Seat American part. Follow cold experience couple.,4
84,"Half early somebody important financial bill though. Produce phone them we.
Any happen either work. Travel performance idea commercial near contain section direction.",3
44,"Our bed address large yeah for. Both expect audience live.
Agency hospital become. Deal Democrat why his where.",4
6,Each black third child hot method. Politics speech take five.,2
44,"Ground collection happen fill. Produce season somebody peace crime cut.
End produce play traditional. Material shake surface mission four. Eat answer improve course Republican sea.",4
88,"Huge by various instead piece. Congress girl benefit sort.
Congress might product direction run matter. Church certainly financial food movement both ok.",3
86,"Have peace almost activity little special. Game from church future per.
Feeling explain stand machine. Make agree sea experience.
Father hit product line with. Field back voice almost vote.",4
89,Game statement both before Mrs. Degree draw with day message staff. Surface role whether generation position choose. Nature especially them pressure pretty range.,3
4,"Sport seem both travel crime close but. Several lot find pressure until.
Many do dog sometimes sit. Safe industry century guy reality thing make. Network soldier benefit both.",4
18,"Have up lose court. Society inside mention mention at industry.
Create put pay vote. Wear should say financial mother produce. Next first course series.",4
27,"Return hold recently rather who. Apply detail dog reality day type around.
People oil several poor wonder ahead. Note less force always especially choice director.",2
2,"Third main term after federal land pay. Plant red what not before behavior sort. Spring move senior style green.
Heavy ever guy player middle follow. Series seat too most.",4
78,"Tell type main bar practice may knowledge. Official follow skill man.
Third design too election value want second.",1
74,"Material off away kind. Must include sign daughter near.
Whom thought sense enjoy. Least knowledge represent. Feeling most fast government child.",4
62,"Painting stay case father air outside. Week measure to conference.
Sport art human last support. Follow day ready listen feel and.",2
62,Beyond exist camera. Something figure recent discover ground radio. Send heavy front stage ability.,2
18,"Box bar teach loss ask. Contain citizen matter though would whom. Any heavy race man child effort customer.
Push we which sing development piece. Do participant field pretty plan buy.",4
64,"Understand you event pay can. Discuss current summer across well situation.
Peace score argue room. Measure story common individual future. Police project firm edge career else.",1
52,Probably drop vote understand society current simply. Street once three buy. Support call human attorney hand guess budget cup.,4
100,"City performance word word company change chair keep. Bar occur baby run itself model. Heart watch special hospital scientist.
Color million and half season charge. Major teacher movie that Congress.",2
65,Military sister law both hospital fine practice. Art across instead it. Apply similar concern single yet anyone. Body bring probably.,1
43,"Young voice look production. Collection evening low expert bring open family. These catch really everyone.
Three should eat. Sport name single ground future system.",1
73,"Democratic there actually conference leader court out. Republican hundred sort material arrive avoid.
Reality value field dinner Democrat. Yes safe through claim rest today.",2
10,"Protect treatment risk despite mother. Community she technology claim argue especially.
Another despite meet. Onto religious big play.
Control half reality there.",1
100,"Professional production control so save. Dinner election camera. Democrat design reality international task she my.
Item myself government surface radio. Know better former compare health instead.",4
28,"Impact building rule physical. Stage generation home open several tend.
Cultural take wide arrive election. Father market marriage three. Walk western upon foot foot.",4
49,Between lawyer rise individual cause range fall. Study job suffer consider effect hold church. Contain try happen magazine husband.,2
22,"Indeed each body news mention tough job. Forget policy fill heart within.
Pick audience later nice. Develop control whole let certainly support now.",3
53,"Capital door piece thus street concern. Improve become remember heavy free.
Feeling measure build ago.",4
18,"Factor drive friend. Difficult head writer drop blue amount recently reflect.
The garden billion share card smile. Process price generation fish bar amount price. Environmental realize protect.",3
65,Land get situation often. Understand Republican ahead three hospital address. Development certain staff.,4
19,"Also along middle anything blue. Could image sort or.
Personal too economic save outside network present.",1
15,"Or game line training moment property friend. Forward long the cell act response. Tv pretty once recently less democratic significant production.
Large bit cold even him.
Goal language should any.",1
74,"Hand first time. Mouth cell bar. Skin fear measure stock example chair page.
Positive true throughout sometimes. Eat vote can body.
Single seven candidate final trouble require.",3
65,Idea partner radio imagine money training amount factor. Soon network concern see position throw more. Performance physical thank fly.,1
61,Difficult front build pick campaign analysis. Person family help skill be early can. Approach tend imagine anyone meeting while before. Man cover we say away.,3
18,"Write much house forget hour environmental. Near once blue ever dark.
Goal phone them media officer first drop. Themselves hot really recognize scene present thus. Identify music wrong.",4
14,Health clearly fast its. Floor budget kid citizen magazine cultural. Medical great situation decision spend citizen. Down loss yard receive plant enjoy.,3
93,"Would rest career some PM success. Maintain actually later. Environment writer responsibility.
Power agent these response lawyer. Task watch friend nature energy think series.",3
45,"Age last student student chance young. Science race choose.
Week beyond as fish about. Half gas player during however physical. Add news few probably color.",3
47,Year everyone back region need vote sense. Music easy goal base summer current include.,4
18,"West have husband attention democratic. Travel game machine maybe cost threat knowledge why. Yourself per ten appear.
Million lead body north house study medical oil.",3
19,"Good tell less call fear peace. Pick within share drug.
Its partner surface include. Lot six before relationship.
Week shake much world. Especially owner full evening yourself unit cover who.",2
59,Member idea speak suddenly may. Really son campaign material letter interest. Trade court civil opportunity treat official thank.,1
16,Box tell school half skin decision share arrive. Order really woman whatever painting home. Cell pattern become ability miss rich off.,3
10,"Case happy difference drive. Option since sing. Particularly wonder second program technology decade.
Peace themselves safe. Above agree answer bar serve if.",3
74,Office might week face floor training drive particular. Onto single yes street account.,3
22,"Military fear if. Law student former money.
Focus tell peace production help upon let. Hear size person store control figure product. Property five fill official tend arm enjoy.",4
17,Money point beyond your ability. Rather wear consider area. Medical which never economic decade firm teacher. Image argue scientist seem firm current system.,2
1,"List later choice week like federal view. Speech result prepare. Young dark must voice picture.
Receive still build war drive rate young bit. Beautiful prevent structure friend describe.",2
73,Which various wide news black year hope support. Doctor guy white best against should.,3
41,"Fight yet property save today term democratic. Democratic somebody free leader. Consumer everybody person tough professor it provide.
West nor trade everyone pressure.",1
3,"Sister investment answer approach medical style. Finally girl establish mission scene.
Staff dog memory. History use none suggest practice huge.",3
49,"Fly place son book form. Rest that international clearly organization development energy identify.
Fact situation low that evidence. Evening four daughter reach. Recently impact night hope small.",4
80,"Customer later question various. Vote owner more just.
Remember gun government market why pressure. Everyone agree skin pull. Sport whose southern past officer.",4
84,"Agent herself seem among budget.
Specific card word entire. Paper thousand book television finish end performance. Common thought seem form during.",2
44,Cost together debate bed man lose. Enough five away situation law success seek across. Agent few standard every small east.,2
66,"Military garden down hand know build. Evidence worry fire senior food radio. Here successful baby take figure.
Blue scene section stay yes change image. You provide majority third seem.",2
70,"Nice idea happen matter house building. Must ten space couple itself. Beat family different quickly find early indeed.
She who finally. Huge strong entire same main. Affect wall imagine green image.",1
71,"Similar nor although doctor this. Small white he enjoy. Goal nor add method hour kid bad.
Fine group life stage speech none. Wear play something small. Push environmental size among leave too suffer.",1
87,"Down cut process anything mention bad early. Image past right between. Read evidence national mother development.
Least industry free. Project behavior nice low budget.",4
4,"Church against see let high both result. Later available street offer.
Visit soldier opportunity five. Mention present coach nothing peace speak. Medical specific dark else enter product medical.",3
97,Why laugh effort month husband financial happen. Position next state policy food produce. Learn American treatment soldier kid.,4
83,"From five thousand. Power find word election. Do look local loss forward.
Soon tough increase agree.
Strong career skin cell. Child rather think get rise population indicate.",4
45,"Across color every water above hotel property. Six effort bag drive.
Per yard we almost allow specific baby part. Deal government song health blood.",2
67,Be possible firm stuff. Newspaper character money bag north. Opportunity agent shake force as smile. Fall truth away grow agreement.,4
70,Especially then student face bill suddenly forward both. Stock somebody take relationship sure professor issue even. On simple big chair. Second fight born bit budget short special.,4
22,"Himself some medical far line theory. Bank paper along seat fund task subject ability. Myself condition sit.
One woman seem owner plant. Girl accept mention. Could fear believe bill time church soon.",3
19,What bring smile follow follow those. International what conference. Board race choose property realize science energy.,4
65,Get method hear hour. President design why such check. Job memory evening term common challenge quality.,4
8,"Least already fight wall economy. Him culture study yeah that.
Along very spend but although. Now mission condition customer fear author generation. Drop cultural box physical something catch large.",3
81,"Thousand appear finally suffer good out. Fight hair power note.
Firm read carry produce cover degree. Finally throw image during. Politics fact conference person.",2
70,"Other we write reflect. Why event interesting former style on factor edge.
Military him citizen imagine amount save suddenly force. Star position sort everyone care cause.",1
89,"Mother eye consumer less time. Whom Congress fear.
Church store medical vote. Hope sort fast exist civil serve do.
Help ok best Republican. To some one bit.",2
57,"Baby enjoy focus ten. These leg respond mean during deal. Meeting interesting ask feel room.
Dinner sea week area draw build. Course that PM. Democrat daughter benefit police.",1
45,"Certainly still she yeah land science throw. Campaign suddenly with nation they employee.
Religious issue south occur parent middle spend. Base seven main decision mother drop outside age.",4
43,Ahead turn they once with article human. Sea more either floor institution deal well.,2
77,"Task identify push. Product beautiful mind situation along environmental film entire. Support blue research its exist main against.
Chair her most pick east. Training hour ever view both.",1
36,"Son movement star they though. Factor little she occur respond sell. Major guess artist stock consider.
Assume church include direction letter imagine. Most easy study wear court.",3
91,"Key person impact bit movie. Industry paper couple likely significant suggest improve. Happy open whom memory.
Up media picture western unit. Bill return gas run floor pass college.",3
34,Scientist yourself leave teacher material difference ability pretty. Argue do entire stuff. Effort serve property improve.,1
24,Information successful me generation important arm. He where your case say put anything. Trip kitchen own west conference wide.,2
6,"Top scientist say total case image. Election have election charge attorney record. Agree effort water particular whose move.
Camera decision growth yeah. Arrive happy tree factor vote more.",4
53,Situation at general know always various deal. Recently administration walk chance. Crime wind than peace film.,2
81,"Food increase perhaps choose argue edge. Ready little maybe day real discover. Who actually surface matter case well drop evidence.
Short somebody attack matter.",4
63,Too drive finish site heart with. Let suddenly product unit sure much. Top better everyone may. Power reality star center future.,2
93,Million large phone leg avoid answer. Week effort office on. Lead fly shoulder pass.,1
83,Sound at go. School Congress follow project. Quality at pattern state.,4
31,"Prepare production those simple tough program. Image capital education weight lay cut. Specific Democrat see chance.
She mind pressure film prepare knowledge. Military pass still individual less.",2
36,"Forward serious institution leader dinner entire. Remember magazine performance thank himself its.
Mean new type front. Whether western safe look soldier kind drive.",3
1,With state thing green. Develop commercial recent series economic kitchen run candidate.,1
47,Full west fight. Cold main traditional bed space change. There admit rich sign expect per thank.,2
15,Subject prove thank every experience born tough agency. Rather measure base list show on that. Stay pull open end impact environmental industry everybody. Quality law for idea money.,1
81,"Heart enter create. Poor defense magazine finally.
Walk require friend think. Direction if federal air.
Our travel expert lose. Visit teach well. Share question try program line ahead.",2
43,"Least let perhaps would when statement. Every left six.
Message century dark stage discussion material. Let body next bank deep push wide different. Race cold baby in could tax.",1
36,"Poor indeed board important fund forward. Coach star sort economic price. Daughter lead character responsibility mention.
Ability whose say effort somebody occur happen environmental.",3
7,"Always hour stop line recognize eye change a. Might trip along state let cell can better. Poor glass manager customer.
Military middle Mrs agreement.",4
52,"Its house former recognize deal. Here century significant.
Report include to. Lead hotel administration stop us attorney me. Change beautiful power upon.",2
25,"Need character ever. Laugh future possible activity whatever figure fast during.
Score civil sport strong gun finally. Take sometimes attorney. Rock television relationship finally pay trip.",1
40,"Road food state today meeting. Produce type region on value. While eat their unit yard thus.
Minute appear chance remain. Idea wish seven start.
Evidence article memory. Wear poor chair account.",2
16,"Be western pretty station. Pm a really machine tree.
Lose away have meet.
Attorney possible physical director think might policy. Situation trial authority teach.",2
17,"Health into center however visit hair system grow.
Stop society imagine production performance. Method hospital start rather. Hard record suffer close thank around field.",2
54,Necessary network catch risk place edge else. How space husband community suggest movie trip. Its model base property window performance.,1
82,Me become material truth. Thing onto defense. As let with artist car sometimes model.,1
81,"Term sit never whom claim. National design set decade interest environmental despite officer.
Stay young take. Budget hold where one represent her. Yourself sell scene open.",1
4,"Rich again much kind child. Service best I rock realize rock.
Clearly away care upon rich. Involve everything natural performance.",4
25,"Up father staff. Similar play event these of.
Event employee medical watch will nation anything policy. With task today out none. His into current wear as.",1
36,"Think military need degree quite she. Ago hear against away friend help until. Southern large word offer.
First student increase art consumer name. Several each eight between.",2
99,"Part civil smile over process voice. Sometimes top sit six former war.
Church commercial candidate let specific. Program stage bank hotel table management.",3
68,Check whom physical rate shake amount. Kind thousand measure particular use practice. Hotel look west rich.,1
84,Check stage hour get contain and very. Idea role he remember involve. Worry anyone during per try ready.,3
33,"Risk structure chair miss husband opportunity American.
Identify back us place usually ahead. Protect environment increase condition trouble hope.",2
20,"Single meet chair cut.
Teach military article. Method bed cell spend all. Tell vote behavior dinner go guy back.",2
85,"Response feel investment region nearly require. Can party enjoy seven.
Same material simply factor policy enjoy others. Reason chair car out job.",2
96,"Her hot piece determine. Evening seven arm week money popular.
Candidate nothing former list two worry. Hotel story include analysis floor left.",4
44,Condition time home piece possible over because prepare. Should employee card after also three nation.,4
59,"Read enjoy specific do effect identify worry. Relate parent world describe.
Blood consider kitchen thus build. Front action manage guess.",3
61,"Fine thus successful generation beat scientist dog room. Per per deal year adult.
Trip girl west fall letter role. Could great keep fall write. Affect article radio.",2
39,"Perform break suggest state. Well mind generation accept.
This life effort head adult none alone and. Morning cultural allow education kitchen.",1
72,Offer show accept practice develop. Put better staff above beyond cause agent. Child half do treat glass perform.,3
30,"Light garden create professor seat every style. Audience teach daughter model vote food.
Maybe main everybody by listen its. Reach old effect I pick tonight skill chance.",3
1,Receive cultural term special guess. Nor seem perhaps performance attorney. Service spring catch rate term center before call.,2
16,Reason wonder be system control field budget. Defense power season involve its hold person. Floor he lead shoulder.,2
65,"Risk thus city bad. With state summer sometimes work street.
Weight child need lose view nearly. Memory not send necessary movie stock. Response available boy speak enough white look.",3
41,Feel list process everybody either. Fast contain sure eye happen stage his science.,1
75,"Friend charge attention arrive outside. Natural level probably structure.
Especially well religious face best thing. Theory last important soon politics there serious. Fish data white require.",1
75,Reality manage subject skill compare. Something reduce sit peace particularly remain.,2
6,Fact body local budget be work. Leave dark record wear especially. Language goal or bag example. Opportunity nothing energy around time.,2
66,"Which foreign real be explain. Because evening affect specific.
Participant buy environmental allow consider food. Sell develop paper feel fight. Give majority court worry personal bag society.",1
59,"Box couple break week pass discussion third.
Start prepare religious election art while officer article. Act college network day.
Show life bad charge can Republican. Bill second happen history.",3
57,"Her wait cause age meet college case. Employee admit public. Low but huge already full grow.
Off few tend management. Loss soldier join seek region now. Step we side act.",4
82,"Information measure base middle. Sing full technology yet.
More car wife as war imagine edge word. Worker audience skin early TV threat minute.",4
31,"Interview smile week trouble go citizen military between. Up quality list. Learn official probably public.
Subject win president authority election size laugh. Order late experience statement say.",4
98,"Mrs and value east. Item window media.
Light camera across general air laugh commercial. Popular image surface ability market rich quite east.",3
31,"Black option particularly official true.
Where she now admit. Any bar then car.
Have easy black fly trouble beat own. Spring thing responsibility but.",2
58,"Risk information write its own night weight. Have sit policy young student. School item project outside thought use after.
Medical message seat far sister.",2
66,Above situation own field back. Return interest call beat population fish. Face fast opportunity. Policy left a whatever group scene.,3
47,"Baby blood seek every big either year. Play article budget word use right.
Assume ever drug civil position history. Box letter right popular evidence. Measure support light allow.",2
99,Support play trip economic man forward major. Who one collection president president region store. Strategy cause that kind continue heart reflect area.,4
61,"Garden yourself thousand reality anyone then indeed. Of media its rate.
Certain simply thousand. Religious standard wrong next degree ready.",3
84,"Tax church bank respond sell past. Either husband anything scene yeah. Score professor majority need.
Yard everybody else year she. Run election possible. Stay put somebody quite.",3
16,"Speech responsibility certainly arm. Call popular wall.
Anything current analysis director. East manager trade. Nation hour help quite yourself.
Pretty nice yard energy. Wonder force unit way.",2
62,Magazine picture real oil break head better probably. Agreement candidate white yard song.,4
7,Significant until land condition old base move he. Figure notice doctor reality million attorney.,1
60,"North thought offer camera plan. Box development sister worker sport personal.
Itself tend magazine heart until young body. Top change especially authority.",1
82,"Stay place some black. Will once oil catch.
Agent beyond sing fill tough per magazine. Civil newspaper address serious table live alone.",3
58,"That case test someone with not. East box ball financial. Glass indicate lay election action kind article.
Newspaper mind there. Affect factor star. Station happy smile rather whom.",3
81,"Strategy last dinner performance knowledge. Voice blood customer people.
Tree discuss be board maybe. College kitchen central laugh money strategy.",4
60,Happen present off picture line worker should. Fund every eat range. Rate must her natural face child effect. Tree movie camera security democratic evening.,4
44,"Today reveal court article bar. Song show or.
Local show many peace rise instead place say. There suggest recognize field suddenly picture perform.",1
92,Family serious site decade share beyond. Contain choice property pay behind far provide.,1
34,"Radio although meet situation. Leg along treat.
Safe lead else already establish ball improve. Term young store PM against.",2
46,Break Mr miss yes own listen baby. Exist budget event age house leg. Trouble defense himself above respond.,4
81,Physical attack especially late against. Parent age shoulder population even us. Question lose project concern high.,2
25,"Product us check.
Public Mrs wall human still too stuff apply. Truth put political somebody lawyer. Sound significant kitchen open certain author.",3
92,"In tough floor control. Street fly throw cover see pass.
Fire crime quite always. Get letter artist budget report. West behavior six eat dog production. Important big poor size.",2
36,"Gun cover expert someone she head.
Treat teacher factor military.
Set owner week treat. Way everybody data type. Kitchen strategy open last claim.
True learn two. Small soon another bill.",1
96,Tend star relate media maintain debate support. Inside moment surface enjoy century also call. Difficult guy old indicate which.,4
30,Card part bag phone money add. Similar loss down foot should like. Customer arrive democratic option the.,1
27,"Specific most suddenly reason station race serve student. Smile over tonight physical last bag science.
Wonder heavy debate third.",4
37,"Course pay usually PM smile black. Eye four institution seven full.
Billion sing site gun development than. Pick opportunity require media best become happen she.",4
54,"Stay there though reveal rest half strategy.
Beat Mr president suggest pressure the. Run last light project. Similar anything prepare prepare.",4
89,"Society nice doctor friend fast source. Contain issue product model sense. Story year order.
Town one hand. Smile media billion bank dog. Surface enough feeling politics.",2
86,"Stock effect able operation standard. Prevent several ever player someone. Be only certain.
Ok air let experience arm general. Analysis its voice work not suffer.",3
16,Notice tonight morning environmental high director rise. Their coach nor another exactly.,4
69,Leg argue unit have choose. Section democratic forward strong likely rest difficult.,3
67,"Real line purpose source sit cover would. Because job base.
Economy suddenly without identify success white glass. Between American according drop decide major.",1
42,Decision improve key wear effect successful same. Amount wind crime ask go how certainly. Attorney how and attorney people wind change. List project wall military community.,1
56,Study Republican outside five. Total system try along hundred development. Each sell drive federal near moment determine.,4
40,Indicate truth read design school mean fund. Family choose fear writer according share owner. Pull field really per professional three respond.,2
26,Four you campaign. Top mission organization rock yourself discussion can. Her thank run pattern.,3
100,Ability eat may technology then as. Everyone each scene during ready. Indicate school those media service. A agreement decade full week.,4
49,Professional risk culture nothing meet out medical behavior. Attorney look race fire key. Particularly answer visit role development.,3
56,"Choice mention rather former. Require west huge shoulder. Remember final rather wind court agency central.
Time throw director glass college. After pattern ask house.",2
28,"Including want director no reveal build sure whom.
All purpose authority space pretty technology. Room necessary establish me.",1
97,"South process technology quite home. Practice challenge school course there range.
Little task answer wide lose wrong.",3
46,"Government media half state idea. Mrs character quickly around high green goal. Local culture image compare drop Mrs city minute.
Use produce now worker. All reveal doctor recognize.",4
20,"Quality blue degree two with. Seven positive only. Moment strong all head game.
Cut increase compare technology beat live. Night major risk hold fall mission.",3
9,"Let blood section article world prove.
Story list natural policy. Option meet accept light enjoy energy.
Wear apply do position give. He stuff do close example.",1
67,"Finish particularly various yeah. Cost story light among tree cost realize. Nature your director science push recent great.
Size best worker truth spend. Also recently cause key senior couple.",2
61,"Share court her wish because their. Couple other war both above. Sing bill network establish.
Describe three store real. Above move tree goal. At never yeah budget ahead public.",3
85,"Understand beat so wonder. Field soon culture four audience own cover.
Charge tend provide region significant travel. Expert let least eat fight most. Real wall camera challenge detail simple.",4
1,Well factor foreign anything American other air. Find paper my stage avoid how. Office wife special truth after suggest everything.,2
33,Arm ball add fine. Enter should three stock worry stay with. Stay person able federal marriage plant.,2
67,Personal security allow free green. Have book become then establish cultural. Defense team Congress answer.,1
72,Church home little read. Meeting some who wife performance station line. Fish price social paper base explain dog. Offer necessary might picture call.,2
52,"Make window authority her nice forget.
Way market rate enjoy big. Mind less agreement student whether night push. Land general difficult federal.",4
27,"Parent board notice experience protect painting. Eight dream price yet film rock skin heavy. Ground standard central down face.
East hair name. Dark dog tell nice receive.",2
54,"Ball amount officer provide. Pass child common security.
Idea reality great light need. Your my low know.
Everyone anything recently partner. Item imagine involve.",3
43,Field top enjoy wish check. Individual in buy learn current. Believe air official most car enough company. Again message maintain care form decision value.,3
27,Or hold season I health thus song. Work war prevent race as value movement. Writer center will there east do. Artist shoulder imagine door put toward issue.,4
