meetingID,data,meetingLink,recordingLink
1001,2022-03-27,http://www.learning.com/ssbcmgfu7lc6,http://www.learning.com/x7qe5o8iw45s
1002,2022-02-18,http://www.learning.com/c8d47qochxsn,http://www.learning.com/r1gta1cgjote
1003,2019-10-27,http://www.learning.com/r5k38cmfml1m,http://www.learning.com/gr4wkxst3fw9
1004,2020-10-27,http://www.learning.com/42xl2mqdhfdk,http://www.learning.com/vkwwxjvknq85
1005,2022-03-16,http://www.learning.com/pbg4oekwwd8d,http://www.learning.com/z9lqc14bzw5w
1006,2020-11-13,http://www.learning.com/2troog5ulvgt,http://www.learning.com/eqn590q3gkxg
1007,2023-04-27,http://www.learning.com/3y0hppxkfw3n,http://www.learning.com/ozu8kwzm3xes
1008,2023-01-06,http://www.learning.com/o6qc1a4buh1v,http://www.learning.com/4x5r1gvdqng3
1009,2020-01-13,http://www.learning.com/idw5xp8d2whx,http://www.learning.com/igkf0yxqhpq8
1010,2023-01-29,http://www.learning.com/3uoe2ir90qwa,http://www.learning.com/13bewhc2iqh0
1011,2024-02-28,http://www.learning.com/f4lnkg8pffyz,http://www.learning.com/qumuqp87hqyn
1012,2021-07-23,http://www.learning.com/o3d7e5vn3hav,http://www.learning.com/klsbql407whm
1013,2019-02-24,http://www.learning.com/20e5qxb7ttf5,http://www.learning.com/yg93o2r41rj2
1014,2023-04-15,http://www.learning.com/rz31c8pz2a6q,http://www.learning.com/ux21qhpxbn6u
1015,2019-07-09,http://www.learning.com/7es3bmqcvdio,http://www.learning.com/gkfo8xb8vgxs
1016,2019-11-03,http://www.learning.com/tvdzw9fm7gh0,http://www.learning.com/cgjm1ihdczsz
1017,2025-05-22,http://www.learning.com/f95uc6urbzg1,http://www.learning.com/iao0c80iqgs2
1018,2025-02-26,http://www.learning.com/92f8anzte6dm,http://www.learning.com/e00rz5mynuro
1019,2021-05-09,http://www.learning.com/v1n7273x0u3d,http://www.learning.com/g42jqaktsji9
1020,2023-02-13,http://www.learning.com/b1tqz9crjy69,http://www.learning.com/0ta16onmbpv8
1021,2021-10-05,http://www.learning.com/xmzpy5b33tph,http://www.learning.com/4f2nr33a5dto
1022,2023-09-15,http://www.learning.com/t9schl78whjz,http://www.learning.com/e8529f1fzny1
1023,2021-11-18,http://www.learning.com/d51a0u9gttkp,http://www.learning.com/ok3b7ew82ws8
1024,2023-01-06,http://www.learning.com/swam3demoh8y,http://www.learning.com/zxrgv5j1n34x
1025,2024-07-02,http://www.learning.com/16mb51l7u56c,http://www.learning.com/wq49fmqmzh7y
1026,2023-08-07,http://www.learning.com/812ir09dnrbu,http://www.learning.com/ifqhta8tczz5
1027,2023-04-02,http://www.learning.com/f0weawulixnv,http://www.learning.com/t83yvez1syop
1028,2020-03-24,http://www.learning.com/8zeuvozzxek2,http://www.learning.com/aokemiduak9s
1029,2019-06-16,http://www.learning.com/r5lhc0bdpj6b,http://www.learning.com/zhfbnrhc77gq
1030,2019-07-09,http://www.learning.com/gme5u8nrqdvl,http://www.learning.com/le9ezcg6aifa
1031,2022-05-12,http://www.learning.com/z22fun05xpy1,http://www.learning.com/z4l24qmjv3j0
1032,2025-01-03,http://www.learning.com/0ooyrsp9qenf,http://www.learning.com/u60yjfnnwik3
1033,2024-12-17,http://www.learning.com/1zf2k7sfgh1u,http://www.learning.com/4up4arorveeb
1034,2019-08-06,http://www.learning.com/kwjrxfmm5gnz,http://www.learning.com/mwwcjpy9ckow
1035,2022-09-09,http://www.learning.com/fyaasgvnadhy,http://www.learning.com/pju4t7xe9w9p
1036,2023-10-20,http://www.learning.com/r7vvyzmlpxfo,http://www.learning.com/gagyqah85pad
1037,2024-10-10,http://www.learning.com/xpp7gvblobqi,http://www.learning.com/csk7pk2wiu72
1038,2022-09-02,http://www.learning.com/v6shkg8oa28o,http://www.learning.com/fdu6s2mqpm1m
1039,2024-06-17,http://www.learning.com/lm58dvf1ijwk,http://www.learning.com/zpza5oopit01
1040,2019-10-18,http://www.learning.com/0ny8ew5f1npc,http://www.learning.com/2r2e7r4xhl8z
1041,2025-05-19,http://www.learning.com/m4al1f4r2kpj,http://www.learning.com/ay6096ib6z41
1042,2023-02-18,http://www.learning.com/i21mtrxiprwx,http://www.learning.com/o3war5bj6x7w
1043,2020-08-09,http://www.learning.com/rn8dyuijra8w,http://www.learning.com/vqvqexhx9qsh
1044,2019-08-20,http://www.learning.com/r1c18gu18b9b,http://www.learning.com/f4sx5k7kblai
1045,2023-11-18,http://www.learning.com/zkli8xphgt1e,http://www.learning.com/71s063w9fe6i
1046,2024-08-08,http://www.learning.com/d54aqn2iev49,http://www.learning.com/binvr7l45azo
1047,2019-07-04,http://www.learning.com/mtc7skpvqnla,http://www.learning.com/kkevgbgjwlgn
1048,2023-03-06,http://www.learning.com/nmw482asktvx,http://www.learning.com/uf5qtyuxli91
1049,2021-02-23,http://www.learning.com/xe9iyylw05ju,http://www.learning.com/2cidtysmmzyf
1050,2022-08-27,http://www.learning.com/xb50f0j2yuc6,http://www.learning.com/1oh02c3i8yj2
1051,2022-05-04,http://www.learning.com/4nbqh7hapfqn,http://www.learning.com/gojr4ikun1me
1052,2022-09-24,http://www.learning.com/724fyo88lgen,http://www.learning.com/0uzz1gsv9rk0
1053,2021-09-12,http://www.learning.com/cf510d9yv0z4,http://www.learning.com/393o0w90p3a7
1054,2020-05-28,http://www.learning.com/l7w61m0dgrep,http://www.learning.com/pgbv9rt7muys
1055,2022-04-09,http://www.learning.com/elfuzyuwhcc1,http://www.learning.com/3kr6dtxck2y0
1056,2025-02-01,http://www.learning.com/aq6haagjz2uk,http://www.learning.com/zgc8d2cbfj1e
1057,2021-12-23,http://www.learning.com/6cewiw802fo9,http://www.learning.com/wnlrw0e3wo4h
1058,2019-03-30,http://www.learning.com/4r6brm709aoq,http://www.learning.com/uipyuhs9ipi6
1059,2022-11-02,http://www.learning.com/bn5okdf5djbw,http://www.learning.com/6gz9nl380lt6
1060,2024-11-30,http://www.learning.com/704a99wgqmv2,http://www.learning.com/8m4co4du4q2t
1061,2025-01-13,http://www.learning.com/jtmpr8p3th3p,http://www.learning.com/dy53xql7s4m9
1062,2022-02-07,http://www.learning.com/j3revfcwu1hc,http://www.learning.com/q154mg9ne0oe
1063,2022-06-11,http://www.learning.com/v86hp2r6lt87,http://www.learning.com/gk9qxszr5qf9
1064,2025-02-07,http://www.learning.com/g166t9am5l70,http://www.learning.com/x65e51qzp8a0
1065,2021-08-07,http://www.learning.com/8d7doveh0wnb,http://www.learning.com/dxvzityosrld
1066,2023-01-26,http://www.learning.com/a9qbwcu03e1f,http://www.learning.com/o2kwnu3wiq7m
1067,2021-09-01,http://www.learning.com/45xwyk3nxey1,http://www.learning.com/eqzqzragrpt2
1068,2019-12-24,http://www.learning.com/r2fiqtusa19f,http://www.learning.com/ob1vrbiklnpa
1069,2021-01-26,http://www.learning.com/5fdqlbyipvz5,http://www.learning.com/fenotzq6tnt5
1070,2020-08-04,http://www.learning.com/herfl50a2mut,http://www.learning.com/fd28duibzdda
1071,2019-12-22,http://www.learning.com/q8kgjdnigwam,http://www.learning.com/61qtau45waoy
1072,2021-07-18,http://www.learning.com/mrk4ocribg5y,http://www.learning.com/jo7rmpi9m5g5
1073,2020-04-09,http://www.learning.com/pl40x5v2h0b7,http://www.learning.com/be9av7enbizw
1074,2023-07-17,http://www.learning.com/ertm15eoayz6,http://www.learning.com/22aauit0rqz8
1075,2024-05-20,http://www.learning.com/6mlqpvt21fzs,http://www.learning.com/ryxy5s0c67x1
1076,2019-06-01,http://www.learning.com/tkb4iaqvqmkf,http://www.learning.com/gv7myhhejl5t
1077,2020-05-21,http://www.learning.com/y7zqmot71cl0,http://www.learning.com/8472spm8pxjy
1078,2021-05-02,http://www.learning.com/c3wgko6n3ihl,http://www.learning.com/42u90bgej9t5
1079,2023-09-30,http://www.learning.com/ag9diuc3yzh9,http://www.learning.com/gx5mn1qt1qgy
1080,2025-03-13,http://www.learning.com/0frckcygz9s7,http://www.learning.com/42a3njvaeodo
1081,2025-04-02,http://www.learning.com/eqinfabctguv,http://www.learning.com/4168hwa78sg6
1082,2025-11-26,http://www.learning.com/posgmxjqvhoc,http://www.learning.com/x1dnskbcpx7d
1083,2025-11-10,http://www.learning.com/hqbdf80h1y0o,http://www.learning.com/8m43nxvv5y5k
1084,2023-11-26,http://www.learning.com/pz0w6z7wjeoa,http://www.learning.com/lokwrwq1tfrx
1085,2020-07-22,http://www.learning.com/lzii98ie980n,http://www.learning.com/57v82f072a3m
1086,2022-09-22,http://www.learning.com/qgkgig5l30pv,http://www.learning.com/glj9y5vx181b
1087,2023-01-06,http://www.learning.com/ij0myzwgdgum,http://www.learning.com/wxwtt01flxh4
1088,2020-07-25,http://www.learning.com/7jqn5tec0v1x,http://www.learning.com/2s5xb14rrdah
1089,2020-11-19,http://www.learning.com/z3laz94bthmq,http://www.learning.com/knp2bt3jkzte
1090,2021-08-15,http://www.learning.com/5nsth7ya1mru,http://www.learning.com/ye6r9xsmnu40
1091,2022-09-30,http://www.learning.com/sz3v8tou1lha,http://www.learning.com/5oyjoidy81zv
1092,2020-05-14,http://www.learning.com/9zee71f63arn,http://www.learning.com/nvwztk35pqa9
1093,2020-10-19,http://www.learning.com/yzgx2mbeik8w,http://www.learning.com/s4wsl8g3qntq
1094,2024-08-31,http://www.learning.com/66wsqvb4gyg5,http://www.learning.com/mtdz6917qhuj
1095,2024-07-03,http://www.learning.com/1d279oxhi8d2,http://www.learning.com/wjsk0jndveyk
1096,2025-06-07,http://www.learning.com/58ybynlcodt2,http://www.learning.com/t4t6ojqmn5i7
1097,2022-02-21,http://www.learning.com/8ua0tcjwacr7,http://www.learning.com/zh6fzwt3pbtb
1098,2020-08-07,http://www.learning.com/1hapm24jgjjr,http://www.learning.com/iu0fg9x9w7wi
1099,2022-08-29,http://www.learning.com/dp06q6yz50yt,http://www.learning.com/q2ickpcaji2r
1100,2019-01-27,http://www.learning.com/15fcbz1alw34,http://www.learning.com/g8at5fgv3lq7
1101,2024-08-29,http://www.learning.com/vh4dlcbjl5sh,http://www.learning.com/im5s83iq037x
1102,2023-10-24,http://www.learning.com/rthybdn9guzj,http://www.learning.com/wi5jymp8mjg9
1103,2024-06-02,http://www.learning.com/0pe4a6megxl4,http://www.learning.com/hwmjsw93ibt3
1104,2020-05-17,http://www.learning.com/rb7o0x2d0g9y,http://www.learning.com/3emrww6jg1hg
1105,2024-07-26,http://www.learning.com/9h5d7bxhzaiz,http://www.learning.com/q1ppkasrz2xr
1106,2022-05-05,http://www.learning.com/fwp5d0h366nu,http://www.learning.com/vabb12qsmytt
1107,2019-08-22,http://www.learning.com/dv67tlxtzsuz,http://www.learning.com/g4ivb86dmcjd
1108,2023-10-24,http://www.learning.com/fp9kcg1oabtl,http://www.learning.com/8luj20fvbvv1
1109,2021-11-01,http://www.learning.com/r78tudg4b8le,http://www.learning.com/ffri7eq171vq
1110,2019-01-28,http://www.learning.com/u12nsavjympj,http://www.learning.com/f3lu1ya37wci
1111,2022-09-11,http://www.learning.com/qnv26epjtbyt,http://www.learning.com/ce8hzvw5oscu
1112,2024-09-23,http://www.learning.com/8dwswyo3i254,http://www.learning.com/2bdv3hcly9x0
1113,2020-01-27,http://www.learning.com/murkl4fmseyq,http://www.learning.com/qgo3ug51bum4
1114,2019-04-29,http://www.learning.com/gwkn4k0z3yvs,http://www.learning.com/qon8pinlk2d7
1115,2021-02-16,http://www.learning.com/zqjo0ikqkuyv,http://www.learning.com/r7mua2e5ybvz
1116,2020-06-27,http://www.learning.com/6gllaz9k81cl,http://www.learning.com/hvyk7oljtd28
1117,2022-07-14,http://www.learning.com/hzf2x2wr59ai,http://www.learning.com/pnhze8843iwe
1118,2023-08-01,http://www.learning.com/zewhyuv2mp6d,http://www.learning.com/8b1rw7epq8yi
1119,2021-02-07,http://www.learning.com/gt9nf5ftdpwa,http://www.learning.com/mp7cbq19yy72
1120,2022-11-15,http://www.learning.com/fzckwq8wgwes,http://www.learning.com/id7j93a74el9
1121,2023-01-16,http://www.learning.com/b79clnymv6cm,http://www.learning.com/8gx7a5nif5we
1122,2023-01-02,http://www.learning.com/83chni4cp4gm,http://www.learning.com/02s3rubsjwm6
1123,2021-05-28,http://www.learning.com/s9vd880mpt5s,http://www.learning.com/y9u5sqrtty14
1124,2019-07-16,http://www.learning.com/vnxruzrahk9g,http://www.learning.com/n6dkrp9qmyvj
1125,2025-12-18,http://www.learning.com/58jhgeqoapyj,http://www.learning.com/590dftvhad0w
1126,2023-08-19,http://www.learning.com/6k4snxwmrt51,http://www.learning.com/yi4pznbt3xf3
1127,2024-10-09,http://www.learning.com/5kzds7t3fdj1,http://www.learning.com/qyy8qkqqwb8m
1128,2025-05-09,http://www.learning.com/dsietdn443vi,http://www.learning.com/w5t0mfbe2p6c
1129,2024-03-19,http://www.learning.com/q3vyqqqvebdi,http://www.learning.com/6o9fmkor222c
1130,2021-07-20,http://www.learning.com/iwt6xa4nd6m9,http://www.learning.com/40s3mbh8vhcq
1131,2022-10-28,http://www.learning.com/m4ia6d5zvsq6,http://www.learning.com/i4uzwmf8pw8z
1132,2024-04-01,http://www.learning.com/a750pucq6tyi,http://www.learning.com/kd6tg0ncy6ho
1133,2022-11-11,http://www.learning.com/p9kd352hntvh,http://www.learning.com/8pf3d0su9jyg
1134,2023-09-16,http://www.learning.com/1vdoh54xaaza,http://www.learning.com/tb6u3yp1flwg
1135,2021-09-07,http://www.learning.com/riu152x6sv4v,http://www.learning.com/odauuwjl1l7r
1136,2023-02-10,http://www.learning.com/79u0284m8iuz,http://www.learning.com/zavd8j70bm78
1137,2025-10-02,http://www.learning.com/ewo41o08e31v,http://www.learning.com/iint1otqvd14
1138,2024-07-03,http://www.learning.com/3labtng9d8eb,http://www.learning.com/drw9o60tjs4t
1139,2025-05-01,http://www.learning.com/lfb5bbh0ahho,http://www.learning.com/04s4isl4ul5v
1140,2025-12-03,http://www.learning.com/hphv76mgn1yk,http://www.learning.com/v0prq7r6e531
1141,2022-09-28,http://www.learning.com/idp5yijmkm3u,http://www.learning.com/89gfpfl9364y
1142,2023-07-16,http://www.learning.com/doq7p3ywrpl9,http://www.learning.com/yebb95ufzqe4
1143,2020-01-18,http://www.learning.com/5szolwlug03j,http://www.learning.com/3ev7k4ehzcur
1144,2020-05-11,http://www.learning.com/40nv6ayj8eu7,http://www.learning.com/wuetp48imw02
1145,2025-01-07,http://www.learning.com/abu8tfwgq41k,http://www.learning.com/amf39lcnbmif
1146,2023-10-08,http://www.learning.com/re7pptqlzsl9,http://www.learning.com/mmdwyz2dgmz1
1147,2022-01-23,http://www.learning.com/k1zj7766f4pb,http://www.learning.com/0kwy5o69mkqh
1148,2023-05-03,http://www.learning.com/xstmod8vk9km,http://www.learning.com/b0uylui3845t
1149,2024-01-04,http://www.learning.com/n7rav8g1ma6b,http://www.learning.com/nsnu2af44qn2
1150,2022-08-08,http://www.learning.com/rnhqlt2oodbj,http://www.learning.com/3m9gz8o34i4l
1151,2020-10-26,http://www.learning.com/k0gpbzyedymh,http://www.learning.com/t1en2c01r7mj
1152,2022-03-05,http://www.learning.com/lypwfc3sw2zg,http://www.learning.com/wji1nta5xfau
1153,2025-09-29,http://www.learning.com/iocwb2mxvh22,http://www.learning.com/imy3c5048mw8
1154,2019-08-30,http://www.learning.com/ml9esr9yb1ey,http://www.learning.com/z81iik2ym8ov
1155,2023-11-08,http://www.learning.com/cz6vxm3lk82n,http://www.learning.com/vucvxve7xn5h
1156,2022-02-18,http://www.learning.com/0xfvmwtog15z,http://www.learning.com/sv0pf77h2zet
1157,2025-11-08,http://www.learning.com/cbdc3c7ulv5w,http://www.learning.com/qrsk5lzxnmmq
1158,2021-08-06,http://www.learning.com/hb5v9yeqflzt,http://www.learning.com/tcwvnz9ga422
1159,2024-05-03,http://www.learning.com/lrwlithhkdwo,http://www.learning.com/nfc7niot2pz5
1160,2023-10-04,http://www.learning.com/2zt6d095bp1p,http://www.learning.com/8f8t6n96egsy
1161,2025-06-03,http://www.learning.com/irydx7a4xxvl,http://www.learning.com/ni6sgkn2ljlr
1162,2021-02-10,http://www.learning.com/12avig8tl1on,http://www.learning.com/xvf7et5cu96s
1163,2025-08-08,http://www.learning.com/cd3ayajdy7at,http://www.learning.com/hgpubd4p898z
1164,2019-08-19,http://www.learning.com/vtly80xnza6i,http://www.learning.com/ep68ox8fg7ex
1165,2019-03-28,http://www.learning.com/v7r3k3utt3es,http://www.learning.com/hosiskuxkjmv
1166,2022-10-25,http://www.learning.com/iuu9e8eljztz,http://www.learning.com/eau4rer3r0hx
1167,2019-11-25,http://www.learning.com/8b9cw9ykykdo,http://www.learning.com/mkalz1cjkv42
1168,2023-08-10,http://www.learning.com/qcwl8xxwk9p0,http://www.learning.com/fsshkf57lxy7
1169,2023-02-14,http://www.learning.com/g33zk01hfzn4,http://www.learning.com/qwzcuqpi957c
1170,2020-02-16,http://www.learning.com/arby11l07vqz,http://www.learning.com/ckyk2zs8rjdw
1171,2025-06-09,http://www.learning.com/q08rpy6cb61p,http://www.learning.com/6zywazxmeq6a
1172,2021-10-24,http://www.learning.com/osbgurc5ow3l,http://www.learning.com/2ctprbdtlj31
1173,2024-05-11,http://www.learning.com/v69ncxm9tlfk,http://www.learning.com/jxw664m2hype
1174,2022-01-17,http://www.learning.com/8ckzpm3rmyfb,http://www.learning.com/h23o8ptrvhtm
1175,2024-06-26,http://www.learning.com/kukj7a7kzwo9,http://www.learning.com/fpsldyzadnal
1176,2019-01-19,http://www.learning.com/m5tu6m3ooa3k,http://www.learning.com/7ch824trfapn
1177,2024-04-02,http://www.learning.com/6v91zvv8bpca,http://www.learning.com/d7chbsv0ensw
1178,2025-11-21,http://www.learning.com/sj2vyw2zag69,http://www.learning.com/hl0vm1d3ggry
1179,2025-07-06,http://www.learning.com/d2kzu8hnkqvm,http://www.learning.com/oiy008gf144x
1180,2025-02-15,http://www.learning.com/yt1k8v1zt4ud,http://www.learning.com/u6h3yon409s8
1181,2023-08-01,http://www.learning.com/0ryn9zx93h9y,http://www.learning.com/ztt85rzmkyz5
1182,2024-11-24,http://www.learning.com/8mwfdx2hgnfi,http://www.learning.com/6gdsl420lv66
1183,2022-09-19,http://www.learning.com/49v58iyxmnc1,http://www.learning.com/jen15sh65wzd
1184,2020-04-29,http://www.learning.com/pvghkv73dcoh,http://www.learning.com/tjq0en9vd2dm
1185,2021-07-05,http://www.learning.com/q22b7fmsteue,http://www.learning.com/t4ld32h18awp
1186,2019-03-08,http://www.learning.com/vjhvpvyjpwr8,http://www.learning.com/insv35r8l70c
1187,2019-09-24,http://www.learning.com/h37lpbrcib4i,http://www.learning.com/us2mf5zgn277
1188,2024-06-18,http://www.learning.com/jozny9c7kf80,http://www.learning.com/5w87mwhf3jru
1189,2019-03-26,http://www.learning.com/xtsq8ucu34p1,http://www.learning.com/0wtlepr0vt4z
1190,2020-12-14,http://www.learning.com/bxucmhkc0pld,http://www.learning.com/ymcxflj9r8rz
1191,2020-08-22,http://www.learning.com/cpcxvswp7cf4,http://www.learning.com/rvvw0k6ws6be
1192,2022-06-11,http://www.learning.com/idvp1z0sauuc,http://www.learning.com/db94yf0vc2zf
1193,2020-07-01,http://www.learning.com/cslevor9bapo,http://www.learning.com/6b64t95uigji
1194,2019-05-18,http://www.learning.com/hytcdwqknr3o,http://www.learning.com/x8xf2oxt5pxs
1195,2020-01-19,http://www.learning.com/c4ckkjjhorxu,http://www.learning.com/v4o25ahgo5ar
1196,2021-12-25,http://www.learning.com/m6gp1fy48bs9,http://www.learning.com/a0lo2c3vvy1i
1197,2019-01-14,http://www.learning.com/80voiykp5my0,http://www.learning.com/wsh2ajryby5g
1198,2023-08-09,http://www.learning.com/hafyolem1ib7,http://www.learning.com/mbjp0vkdr7ro
1199,2024-07-20,http://www.learning.com/hzxuqvg0xb5a,http://www.learning.com/rx85416r8hh3
1200,2021-01-11,http://www.learning.com/alhwdeof3vmy,http://www.learning.com/tjk1y1puz4vs
1201,2019-04-22,http://www.learning.com/afc5zilazmpz,http://www.learning.com/aoyholikmyce
1202,2023-03-19,http://www.learning.com/jtlos8m3w8li,http://www.learning.com/9zo7610xq5x0
1203,2023-10-31,http://www.learning.com/q3ltnwq50yml,http://www.learning.com/77g7e8eo3muw
1204,2022-09-24,http://www.learning.com/40mn9v325uql,http://www.learning.com/nka3gsmn15za
1205,2024-08-12,http://www.learning.com/gccila49pgx7,http://www.learning.com/ps2fin1m38qi
1206,2019-03-30,http://www.learning.com/1greudke50u0,http://www.learning.com/j8vx55uh7z1u
1207,2026-01-05,http://www.learning.com/achs9bdllgyq,http://www.learning.com/qvji21rl6n17
1208,2023-03-19,http://www.learning.com/82suoqt2jwqf,http://www.learning.com/o7sx4z4ibomj
1209,2020-04-16,http://www.learning.com/e26tg2dlflxn,http://www.learning.com/8hnx9pdpe88l
1210,2019-06-17,http://www.learning.com/wkn6cfai4qd8,http://www.learning.com/l04a3lu7mcy0
1211,2023-03-12,http://www.learning.com/kd9h4p9np30k,http://www.learning.com/ex09pmi3v2mx
1212,2025-05-04,http://www.learning.com/jlm8bnlqnbkh,http://www.learning.com/oj8konerwebt
1213,2020-10-09,http://www.learning.com/cpr5h5p6aszp,http://www.learning.com/g4bewedfjsif
1214,2022-07-08,http://www.learning.com/17t6rxwhakry,http://www.learning.com/90200pa3nxq4
1215,2022-07-03,http://www.learning.com/6j5hsf11rwv4,http://www.learning.com/dholusmsfw5p
1216,2024-02-10,http://www.learning.com/qxbrh27xqdw3,http://www.learning.com/qpmpt23x8mvh
1217,2023-06-21,http://www.learning.com/q96uuywhznqq,http://www.learning.com/kfs68va3mxo7
1218,2021-12-20,http://www.learning.com/s2bqzh15kv4n,http://www.learning.com/f49n21tsj9ij
1219,2021-02-18,http://www.learning.com/rm4ty8hr720f,http://www.learning.com/46tci4o3pf8h
1220,2025-11-07,http://www.learning.com/ch5zx4lrbq7b,http://www.learning.com/yqkjxc8h6wta
1221,2023-11-14,http://www.learning.com/xqwvy0tbdkcv,http://www.learning.com/n369sus2bg93
1222,2021-09-07,http://www.learning.com/lli7oq9xup5o,http://www.learning.com/3a6mh799ievg
1223,2024-06-03,http://www.learning.com/pvp935daazfj,http://www.learning.com/xc6kv0kwf55d
1224,2025-08-04,http://www.learning.com/a1awxv4ggo7t,http://www.learning.com/chgd53l0bn4m
1225,2024-09-13,http://www.learning.com/h70wy5x6vp0y,http://www.learning.com/5as95uobqo3s
1226,2026-01-05,http://www.learning.com/2gf9akvuqif1,http://www.learning.com/ijb37a513uwl
1227,2022-09-23,http://www.learning.com/3ni3nn7yacke,http://www.learning.com/bpmxxvqqk8d5
1228,2022-09-16,http://www.learning.com/4ba3bmcw702k,http://www.learning.com/bi24rq2q52a3
1229,2023-12-15,http://www.learning.com/20q8ff65kdxb,http://www.learning.com/xm0mex3zgyph
1230,2023-01-03,http://www.learning.com/jkrd3gy1e4p0,http://www.learning.com/af8ha5c34reu
1231,2021-08-08,http://www.learning.com/jp4354x6z32x,http://www.learning.com/xlf5yh5jfx9y
1232,2024-07-31,http://www.learning.com/pq07n022y922,http://www.learning.com/5sdnc3e13lnj
1233,2023-04-25,http://www.learning.com/1qzf34nb1biv,http://www.learning.com/t691f5qkkekj
1234,2019-06-28,http://www.learning.com/92dit9ap30xj,http://www.learning.com/vz6zqo4n7ab7
1235,2020-11-24,http://www.learning.com/ebgbmn6viwtz,http://www.learning.com/gwh9ua8fsqnb
1236,2022-03-06,http://www.learning.com/a2hjcfu2tmrl,http://www.learning.com/s50twamq446z
1237,2025-12-23,http://www.learning.com/xjqi104ut7nn,http://www.learning.com/v38w63h3r3m6
1238,2025-03-12,http://www.learning.com/2tlcwid7xa7v,http://www.learning.com/8mj00cxcc4zj
1239,2023-04-17,http://www.learning.com/1o5nc15kgkou,http://www.learning.com/i0xh66966pih
1240,2020-12-21,http://www.learning.com/b7dgmhibz5a5,http://www.learning.com/9rlrg19vcll8
1241,2025-02-10,http://www.learning.com/3kq3xdmmajs1,http://www.learning.com/rlcm1cf43vo6
1242,2022-09-08,http://www.learning.com/id1w717njg45,http://www.learning.com/mwcewq0sgblc
1243,2022-01-29,http://www.learning.com/pkb2g4qao14z,http://www.learning.com/vd3chta2pl1j
1244,2022-01-04,http://www.learning.com/h2devtkgule1,http://www.learning.com/t9gagjhzpo2e
1245,2022-02-25,http://www.learning.com/cv0ep8m5aciv,http://www.learning.com/jt73m802f7kh
1246,2019-11-29,http://www.learning.com/ild8ww3zjnni,http://www.learning.com/3hvxq0uo16ag
1247,2020-05-09,http://www.learning.com/ah0n3lgntfid,http://www.learning.com/k2deacmwyzdi
1248,2019-03-08,http://www.learning.com/o9alk1rbp97v,http://www.learning.com/ct8l4xxaes23
1249,2025-01-19,http://www.learning.com/umu8iqytflor,http://www.learning.com/v5gzg368s82h
1250,2019-03-03,http://www.learning.com/mg8d9q0vw3j8,http://www.learning.com/kwdfmlcv57i1
1251,2025-08-13,http://www.learning.com/9187fmfw99or,http://www.learning.com/imaahekec5a4
1252,2024-03-30,http://www.learning.com/49xgyndi8fj5,http://www.learning.com/qmbbf0q5oxb7
1253,2021-12-15,http://www.learning.com/c5gb7aiejp3y,http://www.learning.com/tkab269misd0
1254,2019-05-19,http://www.learning.com/5jhufleax0l9,http://www.learning.com/99j7u59zjxmj
1255,2025-12-25,http://www.learning.com/yr8hrtn0rse1,http://www.learning.com/dzd29jvp6ktz
1256,2021-02-24,http://www.learning.com/j3tf3o1jd79i,http://www.learning.com/oyno8toynwpx
1257,2026-01-07,http://www.learning.com/p45fdyq5vr1h,http://www.learning.com/7dhnyr9rdcd4
1258,2023-05-02,http://www.learning.com/y1juz0imm7i3,http://www.learning.com/zvhlga8q3k5f
1259,2019-07-16,http://www.learning.com/zgndol6wqbt6,http://www.learning.com/21bldfm17qgx
1260,2024-01-04,http://www.learning.com/whld38hjc1dk,http://www.learning.com/l14asleulsij
1261,2023-01-15,http://www.learning.com/stiticc5cqr8,http://www.learning.com/cr88uswdblzp
1262,2025-06-24,http://www.learning.com/5miwfs5mk5aj,http://www.learning.com/zh4foy0wprzb
1263,2023-02-13,http://www.learning.com/b2n2wkwhvxr9,http://www.learning.com/g9nezs5mnqq1
1264,2023-04-12,http://www.learning.com/pgw5peox2yv2,http://www.learning.com/bxsk3sg3l52m
1265,2020-12-01,http://www.learning.com/9p5vpgoraip7,http://www.learning.com/v5wi1lw8u3hg
1266,2024-12-19,http://www.learning.com/dh14pd6pmkex,http://www.learning.com/3lv9bq798mze
1267,2023-08-03,http://www.learning.com/logirjeglwfn,http://www.learning.com/zqgmbczj25bh
1268,2025-01-14,http://www.learning.com/k8q2matabgdp,http://www.learning.com/q5q06jr39w7l
1269,2023-04-16,http://www.learning.com/71b420u4si1a,http://www.learning.com/ffyszgwoq6pu
1270,2021-11-07,http://www.learning.com/5539ybpsoj57,http://www.learning.com/gyrg8vey0urg
1271,2025-05-08,http://www.learning.com/1pmveapa6zxm,http://www.learning.com/yip3ae6aomx3
1272,2025-12-24,http://www.learning.com/3wb8ncl7wzay,http://www.learning.com/zeef1k44t56t
1273,2022-05-16,http://www.learning.com/af6t9srlkkkt,http://www.learning.com/jsudlpsoznva
1274,2022-05-23,http://www.learning.com/zi2sdqds6rvp,http://www.learning.com/1bft806cch31
1275,2025-02-03,http://www.learning.com/jem90oodcyxy,http://www.learning.com/4c9w2jwv1mv6
1276,2024-08-20,http://www.learning.com/lxlpd37ildtv,http://www.learning.com/c2iqpcpy3xkk
1277,2022-08-25,http://www.learning.com/s01w1766iv59,http://www.learning.com/5c4xbomv5txu
1278,2019-07-09,http://www.learning.com/x9glsqi2dimc,http://www.learning.com/m5ljied8yplg
1279,2020-08-26,http://www.learning.com/5pr11qx1otit,http://www.learning.com/thmhhyrlc5dx
1280,2021-04-26,http://www.learning.com/9poj1adt9g8e,http://www.learning.com/o9hvw52008lb
1281,2019-06-26,http://www.learning.com/q3gh7slrubwk,http://www.learning.com/95v5m80wwe7j
1282,2020-10-11,http://www.learning.com/em5n9gnwh7nt,http://www.learning.com/mxdga042wka0
1283,2022-04-01,http://www.learning.com/6tl3xcebbhgs,http://www.learning.com/h2fma05ye4b4
1284,2024-03-18,http://www.learning.com/0or2v20fx92k,http://www.learning.com/x644q5kl2z55
1285,2021-06-20,http://www.learning.com/fjokjzolh0sq,http://www.learning.com/23xijle23ozo
1286,2019-06-29,http://www.learning.com/oapenqcf54wb,http://www.learning.com/p9a2ychgoz8t
1287,2023-01-14,http://www.learning.com/z1ie2nlly7h1,http://www.learning.com/rg726asqzczw
1288,2021-05-28,http://www.learning.com/cpcggkqokkvi,http://www.learning.com/qeivwh6myg5a
1289,2020-01-06,http://www.learning.com/55n7tfae04qq,http://www.learning.com/sp209j88jj55
1290,2019-10-25,http://www.learning.com/ihk11dtmbtee,http://www.learning.com/lbwal4fygsmj
1291,2024-08-21,http://www.learning.com/frlf6sarosri,http://www.learning.com/nzyu3z2orpjn
1292,2020-07-10,http://www.learning.com/9es8qg6orobd,http://www.learning.com/46bhiz29etua
1293,2019-12-21,http://www.learning.com/5w3781ttit0c,http://www.learning.com/hiks1bf5z2b1
1294,2024-11-10,http://www.learning.com/txnl6qq9m13p,http://www.learning.com/6f2gpy6y6a8j
1295,2024-05-05,http://www.learning.com/16cyvopfbtjr,http://www.learning.com/dlupn7g3at58
1296,2025-05-11,http://www.learning.com/o8xaj44wt5vy,http://www.learning.com/wdz3yt9b50un
1297,2019-04-26,http://www.learning.com/dw9qo4rekjpi,http://www.learning.com/xwga3u2rfnq9
1298,2022-05-20,http://www.learning.com/aws6xymj9sol,http://www.learning.com/hr316hpwz9vn
1299,2022-03-02,http://www.learning.com/ahreltu0y3pp,http://www.learning.com/cwees00e1fkk
1300,2019-02-13,http://www.learning.com/rt9fyao4wue1,http://www.learning.com/k1psyu4si5k9
1301,2022-06-23,http://www.learning.com/2mck9nzs1yvc,http://www.learning.com/588qfygx3r8z
1302,2024-07-31,http://www.learning.com/myt5a33duxal,http://www.learning.com/ffbz5ab9xjp3
1303,2024-01-15,http://www.learning.com/a3ywmfipez5k,http://www.learning.com/mepvtdkn40ez
1304,2021-10-09,http://www.learning.com/7oakq5ccrt1o,http://www.learning.com/w54otlcnexkz
1305,2024-08-04,http://www.learning.com/0d718smtxf14,http://www.learning.com/5ttwcwu15rwc
1306,2021-03-30,http://www.learning.com/s2sxzgecl7nh,http://www.learning.com/saakedrqgluc
1307,2021-07-27,http://www.learning.com/bp6r3awwjhlj,http://www.learning.com/mo3no2wdnpa4
1308,2020-06-11,http://www.learning.com/n6718cje40yr,http://www.learning.com/sazzbvdwuz1n
1309,2023-11-21,http://www.learning.com/kbc3c2ih8you,http://www.learning.com/plfkeelmxlbo
1310,2025-08-05,http://www.learning.com/0cajb6z1i7oz,http://www.learning.com/gc9y21g7ebpt
1311,2025-05-01,http://www.learning.com/57qn60leny2t,http://www.learning.com/l5lhwpg30yac
1312,2025-09-22,http://www.learning.com/ogin0wven2td,http://www.learning.com/2nda9zyehypt
1313,2023-10-10,http://www.learning.com/wgufhwz4nxzq,http://www.learning.com/lc7hevvjmp8l
1314,2024-09-20,http://www.learning.com/14j2zz6eqv21,http://www.learning.com/y9ikjsdxk1uo
1315,2024-10-05,http://www.learning.com/6tlbinqfwtgt,http://www.learning.com/houffsafrl6c
1316,2025-09-27,http://www.learning.com/p417nab0tmhi,http://www.learning.com/jzkjtkyryvag
1317,2024-09-16,http://www.learning.com/2kd6wxrdzndu,http://www.learning.com/e3wykeudp4w9
1318,2019-10-31,http://www.learning.com/kpvmuy9s2pya,http://www.learning.com/j3o45imn9dgs
1319,2024-09-04,http://www.learning.com/b848xsvcvf52,http://www.learning.com/604af9cga63n
1320,2025-10-07,http://www.learning.com/76n0czryzeqv,http://www.learning.com/5fv7iyq1krlu
1321,2024-02-04,http://www.learning.com/lsnd0mlg5r94,http://www.learning.com/av64hi19nm2l
1322,2023-02-11,http://www.learning.com/jk4oqwc2gxir,http://www.learning.com/677uny9oavy2
1323,2019-11-05,http://www.learning.com/vc7k5961k48j,http://www.learning.com/1xw5llrk9lvk
1324,2025-04-20,http://www.learning.com/8fbrrfcznx67,http://www.learning.com/bmnyiu00gx4g
1325,2025-07-01,http://www.learning.com/febvsbyqryuc,http://www.learning.com/8acgmglb9fm9
1326,2024-10-05,http://www.learning.com/79nawrbh0w9x,http://www.learning.com/qczsozzjxnoe
1327,2024-11-08,http://www.learning.com/pn1dwahdh6gh,http://www.learning.com/5q42cb9b7aya
1328,2021-03-26,http://www.learning.com/kjtng6n7xhcg,http://www.learning.com/bzhdiyl3wfvj
1329,2021-12-03,http://www.learning.com/e06c1f25iu33,http://www.learning.com/780z827fj7kp
1330,2023-04-07,http://www.learning.com/cyc2amvv5hpu,http://www.learning.com/dw2c89rrskrw
1331,2019-07-26,http://www.learning.com/n9ar8x8tl1jd,http://www.learning.com/gdo8yqav9ymw
1332,2023-12-17,http://www.learning.com/86ae3jfxbriw,http://www.learning.com/8clpr3cdcdb5
1333,2020-12-30,http://www.learning.com/eodjed8qe514,http://www.learning.com/9spdliu65y4q
1334,2020-01-12,http://www.learning.com/w71l0x969zf8,http://www.learning.com/km3h4yi051wb
1335,2020-07-23,http://www.learning.com/rrflbo0hugje,http://www.learning.com/dg0597mdw0q3
1336,2025-01-28,http://www.learning.com/klmm04o50jyl,http://www.learning.com/q45e4yvcqkx1
1337,2024-04-08,http://www.learning.com/64nrdiuqyp80,http://www.learning.com/jlhoac0x3nnu
1338,2019-10-25,http://www.learning.com/kny8cygzvgjz,http://www.learning.com/xfteo68y9gru
1339,2022-06-17,http://www.learning.com/1ht8mizpg86o,http://www.learning.com/y5ccjgrjb5jq
1340,2019-05-06,http://www.learning.com/tgq8d1z2g2o5,http://www.learning.com/yegiynwyd2fi
1341,2022-06-20,http://www.learning.com/kwdf6gv85hl5,http://www.learning.com/otw1w9k6785u
1342,2023-10-16,http://www.learning.com/ku8idrpxaer5,http://www.learning.com/txs1tmr36rio
1343,2020-07-01,http://www.learning.com/cfmrikl18zja,http://www.learning.com/v9txr1hejfd7
1344,2022-09-14,http://www.learning.com/gmuhhrb4wk2g,http://www.learning.com/cv3f8nk4zzh4
1345,2019-02-26,http://www.learning.com/lrifnzq7cmtu,http://www.learning.com/chq5avzlborr
1346,2024-07-17,http://www.learning.com/tvstj769ljz2,http://www.learning.com/z4rd1w4g5y97
1347,2022-01-28,http://www.learning.com/nfzaymyojcxo,http://www.learning.com/2whfc6x5wh5y
1348,2020-03-15,http://www.learning.com/q1ymffgt5soh,http://www.learning.com/uc1ki5kxwe86
1349,2019-08-01,http://www.learning.com/ao98u7j04zdj,http://www.learning.com/ivr1lwawhn80
1350,2020-07-12,http://www.learning.com/pmyycthoslhw,http://www.learning.com/j20anan5bo6d
1351,2020-11-18,http://www.learning.com/0y032ypuyh37,http://www.learning.com/pf4m34sgz39e
1352,2022-09-15,http://www.learning.com/26hgffzyt3v4,http://www.learning.com/ps7y1iwj99ju
1353,2022-04-01,http://www.learning.com/ml8q26k917gu,http://www.learning.com/undk1bd4axds
1354,2023-03-13,http://www.learning.com/xagbz068sfzl,http://www.learning.com/wjd9clpvzvx7
1355,2022-05-25,http://www.learning.com/37foj1uyrzb3,http://www.learning.com/1ditz7fm4b25
1356,2024-05-18,http://www.learning.com/5lbjyl542d0n,http://www.learning.com/x6pxpqxsawna
1357,2022-05-15,http://www.learning.com/lz5o5yr8eph9,http://www.learning.com/tvwkyyncuez0
1358,2020-12-06,http://www.learning.com/01k129n4v3st,http://www.learning.com/b2kju0y9vecr
1359,2022-12-13,http://www.learning.com/huk4khds2rot,http://www.learning.com/djx3gqnwy5zy
1360,2024-06-04,http://www.learning.com/xi7d854ysmgf,http://www.learning.com/ld7o3xlp9uy4
1361,2025-01-09,http://www.learning.com/df2gk7x28y73,http://www.learning.com/bgrovtx666kb
1362,2022-12-08,http://www.learning.com/oaclblp1zdzv,http://www.learning.com/99q6727dcmu3
1363,2022-07-14,http://www.learning.com/w59yjzv4r1v9,http://www.learning.com/1xwrvki5xkj4
1364,2020-09-08,http://www.learning.com/16pwxqpek5bb,http://www.learning.com/s3pqbpfbo097
1365,2019-07-02,http://www.learning.com/8ohjuu7wtn5a,http://www.learning.com/ags11g38zeb1
1366,2023-07-05,http://www.learning.com/gg0gofv00oel,http://www.learning.com/4mlcbaikrcqq
1367,2019-04-10,http://www.learning.com/jznhu20edt8t,http://www.learning.com/gx43qho9inyk
1368,2020-03-07,http://www.learning.com/lqnsmne50s91,http://www.learning.com/w81bx9sivf6l
1369,2023-09-10,http://www.learning.com/f1le34ktyg3f,http://www.learning.com/mqygb9p04yfc
1370,2021-10-01,http://www.learning.com/bddcbhcdub19,http://www.learning.com/fnk5154ua9qq
1371,2023-12-05,http://www.learning.com/03db8fq3ggfe,http://www.learning.com/903ivha6v6jp
1372,2020-02-09,http://www.learning.com/0j658i15fn62,http://www.learning.com/o8ktp1ltej9r
1373,2021-05-12,http://www.learning.com/l29brth2oudk,http://www.learning.com/sy7xo8yxpdlz
1374,2024-04-22,http://www.learning.com/jkj1q3p7w1nq,http://www.learning.com/85v7oe40rada
1375,2024-10-24,http://www.learning.com/hednt5cjgu0h,http://www.learning.com/jgk25xo8mgkf
1376,2024-04-19,http://www.learning.com/6weqia9f6f15,http://www.learning.com/y14ipw0bphyj
1377,2022-05-29,http://www.learning.com/wuz9bzpjax9i,http://www.learning.com/rp8xff8kmev4
1378,2021-03-02,http://www.learning.com/eef3o9x9w9ul,http://www.learning.com/8xk8ptx8bw6e
1379,2020-04-12,http://www.learning.com/d6fa8u2mzghv,http://www.learning.com/j4v8gz9ein5n
1380,2024-06-22,http://www.learning.com/yeieqrpbt4ot,http://www.learning.com/8f2pv2p3azca
1381,2023-11-23,http://www.learning.com/l10p7gvnnson,http://www.learning.com/abv0jb228p3x
1382,2020-12-10,http://www.learning.com/nmgbylax439z,http://www.learning.com/s95zy6hurc9w
1383,2023-02-09,http://www.learning.com/4juks6d7hwl4,http://www.learning.com/euabo5z0t9uu
1384,2024-11-18,http://www.learning.com/529q5yp44zlx,http://www.learning.com/vstbfa190t9b
1385,2020-05-15,http://www.learning.com/yd3mabadwwsc,http://www.learning.com/1fxq67vtqeq9
1386,2022-10-04,http://www.learning.com/aiwcy73yroez,http://www.learning.com/hytrwuqbguc7
1387,2023-11-07,http://www.learning.com/6mst96qfa9l9,http://www.learning.com/rhqrttj4olra
1388,2021-03-10,http://www.learning.com/kd4jnivft5w1,http://www.learning.com/6p51drm4crbd
1389,2021-04-08,http://www.learning.com/obck13dvx6ll,http://www.learning.com/0v0phg4t6j5b
1390,2025-12-13,http://www.learning.com/g321f8iyxnzs,http://www.learning.com/tjs6tfnd1c2g
1391,2019-10-08,http://www.learning.com/13xhqay2zj2a,http://www.learning.com/tmuwi6k49rni
1392,2021-09-05,http://www.learning.com/65mocomfvq97,http://www.learning.com/2ct8760c0ijc
1393,2021-12-31,http://www.learning.com/xob7ljt3kr9k,http://www.learning.com/p38xoejn97pc
1394,2020-01-25,http://www.learning.com/ietus8xjs3vc,http://www.learning.com/uavw941i11a6
1395,2023-06-13,http://www.learning.com/ai0fpx7reo0k,http://www.learning.com/afg5en5e8eob
1396,2022-04-30,http://www.learning.com/8uv7fxuxf66n,http://www.learning.com/hqrn8x84fz1g
1397,2025-08-02,http://www.learning.com/2y0km05gr2p7,http://www.learning.com/tym4us5xw019
1398,2024-02-17,http://www.learning.com/3to8rdmo2ebm,http://www.learning.com/ucbktqp70pge
1399,2019-03-31,http://www.learning.com/6ork4vr9h870,http://www.learning.com/386notkz12cs
1400,2024-08-12,http://www.learning.com/vfjmrk5zou78,http://www.learning.com/j559k0nj9cld
1401,2021-09-25,http://www.learning.com/2jgkp10m6f00,http://www.learning.com/nmhzh1hy2s96
1402,2019-08-18,http://www.learning.com/hiu3ix5g8m3v,http://www.learning.com/qfh03py8h5nx
1403,2025-10-25,http://www.learning.com/bx5ajqmv701i,http://www.learning.com/33vih6an2nzf
1404,2023-06-12,http://www.learning.com/8et8uqg8an0p,http://www.learning.com/78ikpt8bdmwe
1405,2024-12-14,http://www.learning.com/0q577dtkd37p,http://www.learning.com/ndwn4ke00ko8
1406,2022-02-07,http://www.learning.com/p091vcab7lq2,http://www.learning.com/km56916c28go
1407,2025-01-02,http://www.learning.com/wukwxjpa0r2v,http://www.learning.com/4fqrb0qmsyyf
1408,2025-08-21,http://www.learning.com/be7ily2hbavb,http://www.learning.com/nfhlm91j4fvv
1409,2024-08-11,http://www.learning.com/mamh0d1r3x5w,http://www.learning.com/zpgqt5s8l73v
1410,2023-06-25,http://www.learning.com/kg1ogfbwn9t4,http://www.learning.com/rqcx6isbcwwy
1411,2023-05-23,http://www.learning.com/d5ott9moqdra,http://www.learning.com/pqmhctjkyrgz
1412,2024-08-17,http://www.learning.com/4ejlig4qk0fr,http://www.learning.com/urdisldqf1ak
1413,2020-09-21,http://www.learning.com/hdw0583ha97z,http://www.learning.com/02qyst1h4ief
1414,2021-03-22,http://www.learning.com/1phov0fomfiq,http://www.learning.com/ay3rclv2whro
1415,2020-01-26,http://www.learning.com/jvzcb6ecml7s,http://www.learning.com/nzwvg881w69m
1416,2021-04-21,http://www.learning.com/tzzbnx0jjcdi,http://www.learning.com/k4rf6bzknz94
1417,2023-10-25,http://www.learning.com/fubw3om866cd,http://www.learning.com/nsu24l9qj6n7
1418,2019-01-31,http://www.learning.com/nh24ugb9ct69,http://www.learning.com/ysk5j2hxnudi
1419,2021-06-05,http://www.learning.com/st0dttpkbhav,http://www.learning.com/hwzx5gd7wv37
1420,2024-01-12,http://www.learning.com/dzgrficpb7mv,http://www.learning.com/lcmnu9flahsz
1421,2019-10-02,http://www.learning.com/03d6u98uls8i,http://www.learning.com/mhpuvhrpzlmp
1422,2022-12-03,http://www.learning.com/g694abl6u1ua,http://www.learning.com/5kr4zltamq5y
1423,2023-02-18,http://www.learning.com/tg44swj0wdql,http://www.learning.com/4dvozui479cd
1424,2020-08-21,http://www.learning.com/iso5fsmvoc6p,http://www.learning.com/dmz2te4hb4si
1425,2020-01-16,http://www.learning.com/btjyjvclylch,http://www.learning.com/uizgiukh5x1k
1426,2022-08-08,http://www.learning.com/f80e9vnz4n6z,http://www.learning.com/5o0lig7mpc3z
1427,2024-06-19,http://www.learning.com/h1j7mfueublw,http://www.learning.com/5wfhn3i6ncvt
1428,2021-09-25,http://www.learning.com/q3pxmffmkdch,http://www.learning.com/0uavmmql66kr
1429,2020-07-27,http://www.learning.com/uoc67w4q4vbv,http://www.learning.com/fvtyjo1klusi
1430,2019-05-26,http://www.learning.com/ahi0s4fc91me,http://www.learning.com/z9pvantla7m5
1431,2021-07-18,http://www.learning.com/4m0elo87m0zk,http://www.learning.com/3sbbyivahnko
1432,2020-08-31,http://www.learning.com/60dtpm5rhv6y,http://www.learning.com/ueqif3oasjxr
1433,2025-05-13,http://www.learning.com/vgdmdps7hz1a,http://www.learning.com/2zx5duuhf639
1434,2022-06-03,http://www.learning.com/pt7llgdmk2im,http://www.learning.com/eobyg5h4mx3d
1435,2025-01-28,http://www.learning.com/uamgz4g9tzw4,http://www.learning.com/4uqlzagf6j3s
1436,2024-07-19,http://www.learning.com/rfcvtlhf6cvh,http://www.learning.com/yrniqu0hinvm
1437,2019-01-15,http://www.learning.com/p5s3jnsmkg5a,http://www.learning.com/4j5ztr6m452g
1438,2024-12-29,http://www.learning.com/l58ejgasqxb9,http://www.learning.com/ne22axn1g67o
1439,2024-07-22,http://www.learning.com/p4u7l7sc6nk3,http://www.learning.com/2gekcey76qrw
1440,2022-08-24,http://www.learning.com/6wzzylubvvck,http://www.learning.com/8n5ubksdpfvo
1441,2019-09-20,http://www.learning.com/a4tca7ovj18w,http://www.learning.com/rwmn8orugdc3
1442,2019-04-12,http://www.learning.com/06fd93tkyhbu,http://www.learning.com/ieq4abcm9o4l
1443,2024-01-18,http://www.learning.com/l8e8xyq9ubtm,http://www.learning.com/87pc65txk0jj
1444,2021-06-22,http://www.learning.com/q5e2tmd30tu7,http://www.learning.com/2qjikgoz0s1e
1445,2024-08-26,http://www.learning.com/qoxn036r6yzf,http://www.learning.com/ewi0zg4qii71
1446,2020-10-12,http://www.learning.com/bk49t4jl7mnz,http://www.learning.com/mr2uvsyv8gik
1447,2021-05-16,http://www.learning.com/jdyx2cr0curq,http://www.learning.com/xmdlf2iwxp2l
1448,2020-11-09,http://www.learning.com/u8qro14u77kj,http://www.learning.com/xsudj4ijo6qj
1449,2024-09-08,http://www.learning.com/zf33hp6stzjn,http://www.learning.com/c03vr58ztjdr
1450,2025-06-08,http://www.learning.com/8kho4dx81ij2,http://www.learning.com/vmicmd5l0vk9
1451,2025-05-08,http://www.learning.com/qsz0d1553px5,http://www.learning.com/u9ophjwpyv6p
1452,2023-10-26,http://www.learning.com/yqkeaz0q9dfd,http://www.learning.com/zn293p88j6xv
1453,2025-06-26,http://www.learning.com/zeffwok6tudb,http://www.learning.com/hyqss6wm64nu
1454,2025-08-09,http://www.learning.com/1m1h83prmx9y,http://www.learning.com/f8d25rqsvc6s
1455,2025-11-12,http://www.learning.com/xlcycbjadzxr,http://www.learning.com/rrhwro8rm6dk
1456,2019-11-20,http://www.learning.com/5zymi72y6lg8,http://www.learning.com/rwd0snls1ns9
1457,2021-05-13,http://www.learning.com/01v2xt45cru4,http://www.learning.com/7os8the3hqom
1458,2020-06-28,http://www.learning.com/ssexihueg335,http://www.learning.com/aa5ke3w9lkw4
1459,2022-10-11,http://www.learning.com/d0plips7h13a,http://www.learning.com/fkr9cx3u3n00
1460,2024-12-31,http://www.learning.com/e8n1kzea5xhi,http://www.learning.com/ziqwu2dlpcbw
1461,2025-09-26,http://www.learning.com/qh85qf3jblx4,http://www.learning.com/tz4vr2o79hcy
1462,2019-02-23,http://www.learning.com/1gouo53u5qdq,http://www.learning.com/1o1iynrzb07w
1463,2019-01-15,http://www.learning.com/hoaf2jdaey5h,http://www.learning.com/p64vwdvfhsjk
1464,2024-03-04,http://www.learning.com/gf4b29khms22,http://www.learning.com/zzxifs3793r0
1465,2019-03-28,http://www.learning.com/0t0edm7hzred,http://www.learning.com/907439akfyon
1466,2021-05-07,http://www.learning.com/0tz5sypwl205,http://www.learning.com/qkr3cbrjywrp
1467,2019-05-19,http://www.learning.com/ap5e3h9kq85u,http://www.learning.com/1iihxt7rujbx
1468,2021-07-06,http://www.learning.com/b49yy87ogkul,http://www.learning.com/2fuwwe06ifbs
1469,2022-01-16,http://www.learning.com/d1xavrqtqwkx,http://www.learning.com/flz1eub744n7
1470,2021-02-24,http://www.learning.com/i12637g3gzw1,http://www.learning.com/jvetatvvtuof
1471,2021-11-26,http://www.learning.com/6dhjo0v2ke3p,http://www.learning.com/d8e6zdajvta1
1472,2019-12-06,http://www.learning.com/iq8nkglwdyfm,http://www.learning.com/9ghqtmr50i79
1473,2024-08-31,http://www.learning.com/l1tqx2ygfvvs,http://www.learning.com/desl13sahhig
1474,2021-11-19,http://www.learning.com/jnqdua0ggd89,http://www.learning.com/r9n559dmicv7
1475,2025-10-03,http://www.learning.com/4kf45q72bgid,http://www.learning.com/rjbx29geirzl
1476,2025-04-08,http://www.learning.com/cpo31nk1krqu,http://www.learning.com/v9qm823f8i0n
1477,2021-04-16,http://www.learning.com/b8r12jpy24d5,http://www.learning.com/r6ycpad44m4b
1478,2025-08-03,http://www.learning.com/8q0sy759l3cu,http://www.learning.com/43jl8myv64ms
1479,2025-07-22,http://www.learning.com/27mlpgi4ay03,http://www.learning.com/lfuax0bx0xab
1480,2024-01-06,http://www.learning.com/dyxecjwrnmrt,http://www.learning.com/adteggk1x2fe
1481,2019-04-20,http://www.learning.com/i3ggolrp6iw0,http://www.learning.com/wzmq3k2ntxhm
1482,2020-09-29,http://www.learning.com/sjd7tp1d2cso,http://www.learning.com/5du2v9czmggk
1483,2019-05-01,http://www.learning.com/vjeiz2ne8ggw,http://www.learning.com/ew5eze753md4
1484,2020-07-15,http://www.learning.com/379yga0appku,http://www.learning.com/rmol9tj70nlw
1485,2025-02-06,http://www.learning.com/f2sk5he4w1kl,http://www.learning.com/vea1b9u0or42
1486,2022-09-04,http://www.learning.com/m0aruhgamim6,http://www.learning.com/gsevn8jgllvl
1487,2021-06-22,http://www.learning.com/k4acujkqll0n,http://www.learning.com/wmokf9rwafcr
1488,2021-04-20,http://www.learning.com/ob5ngzsautwz,http://www.learning.com/5gywptnzqhp1
1489,2025-10-27,http://www.learning.com/lq8sc3wj1rwm,http://www.learning.com/ueodgob2u0ya
1490,2024-05-16,http://www.learning.com/lvse5dnt97eg,http://www.learning.com/eeo2ph494w86
1491,2022-07-04,http://www.learning.com/pjuf20mjikjb,http://www.learning.com/k5ov2sgrqr9i
1492,2019-06-05,http://www.learning.com/wn1uzxo2vv4a,http://www.learning.com/5hegqmfu3r73
1493,2024-07-04,http://www.learning.com/8uui80tl1kek,http://www.learning.com/8svb9iq24sjx
1494,2020-01-22,http://www.learning.com/jeicpc6gwjzo,http://www.learning.com/suuthemirx95
1495,2021-02-07,http://www.learning.com/eulcm0oj2ujw,http://www.learning.com/a1p4g2awb79m
1496,2019-10-11,http://www.learning.com/irgtqm6s199e,http://www.learning.com/i6mnahias78u
1497,2022-08-23,http://www.learning.com/0mhg0n4g607y,http://www.learning.com/ic5sifcjh8zk
1498,2025-06-08,http://www.learning.com/l476yg4oba7l,http://www.learning.com/yp0zacc1ltlo
1499,2022-03-04,http://www.learning.com/6p20jqjz8i4k,http://www.learning.com/ads7ffvvxkiz
1500,2024-03-01,http://www.learning.com/b9a5imh4lz87,http://www.learning.com/ni3b34uun7mu
1501,2023-11-03,http://www.learning.com/ptw5k5sgt1ch,http://www.learning.com/mh9y3i3i3ye8
1502,2025-06-14,http://www.learning.com/vtch1ll5x73l,http://www.learning.com/swrtg8wj43yz
1503,2019-12-02,http://www.learning.com/i9ed6svoiwbv,http://www.learning.com/louksqyr2vgm
1504,2019-10-23,http://www.learning.com/reomlnm69xwe,http://www.learning.com/rv4gmbjdmz9l
1505,2025-12-30,http://www.learning.com/8djp6qwjhjmm,http://www.learning.com/105c0zfj0525
1506,2025-11-30,http://www.learning.com/fc70wlfl0ooi,http://www.learning.com/3q0kl1mxbnnm
1507,2019-07-05,http://www.learning.com/lrq7oi9yurd5,http://www.learning.com/t221p6ucp8og
1508,2024-06-29,http://www.learning.com/8gkhwy1vfrwt,http://www.learning.com/u0mug6i4cloy
1509,2021-04-10,http://www.learning.com/q3my3dmv76c6,http://www.learning.com/kyf93ealg8yc
1510,2023-12-25,http://www.learning.com/2hto80qi7lws,http://www.learning.com/ofs9bzav4dzz
1511,2021-01-26,http://www.learning.com/fkua7v8xy83b,http://www.learning.com/8a5j6dstnkrh
1512,2024-05-19,http://www.learning.com/rhsbo3npcnxf,http://www.learning.com/lhqzx50xkr1k
1513,2025-05-01,http://www.learning.com/diodoi247kpw,http://www.learning.com/z4zlfx197bzp
1514,2019-09-13,http://www.learning.com/fptvt086dx5v,http://www.learning.com/5x4n09v9jxsq
1515,2025-09-01,http://www.learning.com/0fv0jmh2dx8r,http://www.learning.com/uyv23s2vu9al
1516,2022-08-09,http://www.learning.com/hv4kgy9x9pgn,http://www.learning.com/qr1w1nkwqmzk
1517,2024-06-28,http://www.learning.com/pw5vbszb6p0j,http://www.learning.com/jls21rsdeui0
1518,2025-09-20,http://www.learning.com/n9ouhhz83vgp,http://www.learning.com/zxsora7wa8ch
1519,2020-07-10,http://www.learning.com/moshi0jnhpru,http://www.learning.com/s0szfuk3qeos
1520,2025-12-22,http://www.learning.com/tto6ulz9om7s,http://www.learning.com/rvxfmjrn6by2
1521,2019-03-15,http://www.learning.com/rzf66idvkhnj,http://www.learning.com/5l28wlknew3r
1522,2024-12-22,http://www.learning.com/u70pc7yh2qfy,http://www.learning.com/prdoaae92i5g
1523,2024-04-01,http://www.learning.com/ye6bnlorvczy,http://www.learning.com/cqadykaghk3z
1524,2019-04-28,http://www.learning.com/dvdiy3wqvm8e,http://www.learning.com/yficm0prkrcc
1525,2021-03-01,http://www.learning.com/ohn0t14nng3i,http://www.learning.com/dscobclvrmzp
1526,2020-09-05,http://www.learning.com/vkvfitp629t2,http://www.learning.com/hzbxu7bchjd1
1527,2024-02-03,http://www.learning.com/70jqiyz19j9q,http://www.learning.com/o1w51jldwii5
1528,2020-06-14,http://www.learning.com/wsllzi0n3ima,http://www.learning.com/2h81hywgmvyf
1529,2019-06-23,http://www.learning.com/lnw0z2ogzhb0,http://www.learning.com/ev8opgg6076x
1530,2020-06-16,http://www.learning.com/wyw699lmmkgq,http://www.learning.com/m87ht5g1vrx9
1531,2019-02-12,http://www.learning.com/ftx4b5km0nca,http://www.learning.com/ts9f8y7g1orn
1532,2023-01-27,http://www.learning.com/hpqhj4jkjtcs,http://www.learning.com/sehgqcda1n45
1533,2020-10-02,http://www.learning.com/g9evljd2a7er,http://www.learning.com/3964ini3s1me
1534,2020-01-27,http://www.learning.com/tg0om7foepgg,http://www.learning.com/5eu8044jk4w7
1535,2019-01-30,http://www.learning.com/ak1q7hgv7qmh,http://www.learning.com/d5cog0waz3g4
1536,2024-08-14,http://www.learning.com/9ffj46rvepci,http://www.learning.com/n7g7cff5wgtp
1537,2024-04-28,http://www.learning.com/1caplmzdcdfa,http://www.learning.com/y7qcm1928uls
1538,2024-05-08,http://www.learning.com/o0zfr13jvozr,http://www.learning.com/2qmpkr50n7re
1539,2022-11-14,http://www.learning.com/oqpecj746jc3,http://www.learning.com/vrns4kl6xk8p
1540,2019-06-08,http://www.learning.com/1ag96dcgpyz9,http://www.learning.com/otz8di3h3661
1541,2024-01-20,http://www.learning.com/aep30fujahl5,http://www.learning.com/5vgc17lfmm43
1542,2020-08-19,http://www.learning.com/j0fpagrfrm8y,http://www.learning.com/b0whpr9b0shr
1543,2020-12-26,http://www.learning.com/vj2o2i36kkls,http://www.learning.com/4ajsh7ica9w5
1544,2019-07-27,http://www.learning.com/0h2yg52idhws,http://www.learning.com/249ifb0lkfnk
1545,2023-07-22,http://www.learning.com/ddhj4ir13kgr,http://www.learning.com/eik78v2baiju
1546,2021-03-22,http://www.learning.com/i12xdgjx770w,http://www.learning.com/bzlmsv786sqo
1547,2020-04-27,http://www.learning.com/97ynbvqsppxu,http://www.learning.com/n4uyz8q50z0p
1548,2021-07-14,http://www.learning.com/2te74j6dz7ha,http://www.learning.com/ti1m2oxgkkd7
1549,2021-01-14,http://www.learning.com/86ore1wryjqo,http://www.learning.com/jzw7t4876niq
1550,2022-11-23,http://www.learning.com/r8cao8rplhtp,http://www.learning.com/r84b53yqq6da
1551,2022-03-04,http://www.learning.com/9ap7lvihewok,http://www.learning.com/q0ftxhxx5za9
1552,2023-12-24,http://www.learning.com/w5tofc3bc33p,http://www.learning.com/npmzsn7c3juk
1553,2025-09-18,http://www.learning.com/8qhy47os41ww,http://www.learning.com/7ohoblqahz15
1554,2020-03-25,http://www.learning.com/foyusihx8f0x,http://www.learning.com/hedd1xy6la61
1555,2024-09-22,http://www.learning.com/jz2q0kh58uku,http://www.learning.com/iamav8ps3661
1556,2020-12-16,http://www.learning.com/plsqvs1vql1s,http://www.learning.com/h9ki1wxvy6l3
1557,2024-12-01,http://www.learning.com/jocwvlybl9p0,http://www.learning.com/ful1v1eb70de
1558,2022-12-14,http://www.learning.com/e9ouh59eah7f,http://www.learning.com/n6m1c99hdm4k
1559,2019-07-07,http://www.learning.com/j2ahlw634n27,http://www.learning.com/1f4zfosrt4hr
1560,2024-12-09,http://www.learning.com/smynfe2cdxu2,http://www.learning.com/4qywptgzdybh
1561,2020-07-17,http://www.learning.com/gs6b730kr2lc,http://www.learning.com/ubzwui3o8wpp
1562,2020-06-28,http://www.learning.com/88lf7hsxu6w8,http://www.learning.com/1pj63f52fae9
1563,2022-02-10,http://www.learning.com/rtwtm9mc6ew5,http://www.learning.com/k9zx4rybia3p
1564,2024-08-04,http://www.learning.com/7pjhmeuuh622,http://www.learning.com/av9213e8idhi
1565,2023-06-01,http://www.learning.com/ww9v4s1yr4cr,http://www.learning.com/xe3rdos7opjm
1566,2024-05-28,http://www.learning.com/r4qklv5k1qce,http://www.learning.com/qiqfq9firb2g
1567,2023-04-30,http://www.learning.com/99uhkddg0q7x,http://www.learning.com/gzfl8d2wu43j
1568,2020-11-21,http://www.learning.com/xyjaaqecm5rg,http://www.learning.com/pg28pe70mm5v
1569,2023-10-15,http://www.learning.com/i20xlrmhy434,http://www.learning.com/8as75ivxzes3
1570,2021-01-27,http://www.learning.com/3vegod5gfdvv,http://www.learning.com/q4pfj5enwfwz
1571,2022-05-16,http://www.learning.com/g8kqw6eto53v,http://www.learning.com/28ahnmqpynfd
1572,2023-12-01,http://www.learning.com/k60cg6vxocvf,http://www.learning.com/oxiu94tzuf1f
1573,2020-07-15,http://www.learning.com/72ey11leak3h,http://www.learning.com/0gprx5pept00
1574,2022-05-14,http://www.learning.com/15lf1530usck,http://www.learning.com/eg80c7ekln1k
1575,2021-04-10,http://www.learning.com/j1vu9vfpcvvc,http://www.learning.com/m4dbbw49c1yz
1576,2023-11-18,http://www.learning.com/yzehl05jowax,http://www.learning.com/uzqte0epxpwg
1577,2021-01-13,http://www.learning.com/p4nddukxyksk,http://www.learning.com/66uu02vqirvh
1578,2023-01-08,http://www.learning.com/vltc9ttspjva,http://www.learning.com/5wm75hdj7l91
1579,2023-11-01,http://www.learning.com/qleod5la0yhd,http://www.learning.com/flczpptmfulm
1580,2021-10-08,http://www.learning.com/d8yo65krm5ap,http://www.learning.com/t3h9u5pphwsw
1581,2020-05-07,http://www.learning.com/9xws0pklb7pe,http://www.learning.com/96xldkby86vz
1582,2020-11-08,http://www.learning.com/y4cqbm9ajzkr,http://www.learning.com/3esqh6wh7qun
1583,2023-03-02,http://www.learning.com/uw3qlu1dbfue,http://www.learning.com/k9m5avrl5lb4
1584,2022-09-03,http://www.learning.com/nrsrhvxa61q0,http://www.learning.com/goqd2yeu3ph3
1585,2023-08-07,http://www.learning.com/6ddojpcvc7u5,http://www.learning.com/nw2vaqy1q6qw
1586,2020-08-02,http://www.learning.com/qjm0dr31whqa,http://www.learning.com/l8mwvc004ggo
1587,2019-07-21,http://www.learning.com/gkseowxgsepm,http://www.learning.com/3wwm1ml150dh
1588,2020-03-21,http://www.learning.com/xwn666kdm6rg,http://www.learning.com/sey42aj4b8up
1589,2020-02-17,http://www.learning.com/d1tv6t7ra7x5,http://www.learning.com/gp3nfylhcewd
1590,2021-07-25,http://www.learning.com/06pdu7nr179d,http://www.learning.com/3t1smutrqrvn
1591,2025-05-01,http://www.learning.com/yq8qa0p23cz0,http://www.learning.com/w3kpf9q01sgq
1592,2019-08-18,http://www.learning.com/kwkwa49p9esp,http://www.learning.com/1glq3g91f7si
1593,2024-08-12,http://www.learning.com/sd3jgd8r63rs,http://www.learning.com/mxga4zsz4spr
1594,2023-07-25,http://www.learning.com/6p23on29dqdw,http://www.learning.com/5cndib2jyubp
1595,2019-01-28,http://www.learning.com/wvpqtygzhyn7,http://www.learning.com/esu2e0oal0c2
1596,2019-03-12,http://www.learning.com/cc54jcs3wti1,http://www.learning.com/vin4qqda8312
1597,2019-05-22,http://www.learning.com/8if863838xpq,http://www.learning.com/bne9qrazamwm
1598,2025-05-18,http://www.learning.com/oyeeeuksvki5,http://www.learning.com/wl5pzbe4gy5k
1599,2022-11-29,http://www.learning.com/mt3hx6g0ozhl,http://www.learning.com/67fh3ysw5fwi
1600,2024-02-10,http://www.learning.com/s91l5tkpwzey,http://www.learning.com/7elk23yzb4a5
1601,2023-12-19,http://www.learning.com/jvqwhy4zqc2v,http://www.learning.com/m6xkc885v8ok
1602,2019-01-18,http://www.learning.com/xunv6wj4wesz,http://www.learning.com/on9mi7v0hnok
1603,2020-12-29,http://www.learning.com/vszq7wrhrdvi,http://www.learning.com/hjhzn7lyko6c
1604,2024-04-26,http://www.learning.com/l4fwajo1jeic,http://www.learning.com/c96d9ivonj55
1605,2023-05-23,http://www.learning.com/mgo4wt9bvaqo,http://www.learning.com/x974e4cstdd6
1606,2023-09-13,http://www.learning.com/dbxyismqhcxf,http://www.learning.com/mpof4su0zbnx
1607,2023-05-11,http://www.learning.com/ukbrazk79wc0,http://www.learning.com/1chej17k88nd
1608,2020-11-22,http://www.learning.com/bnn5qbi16shl,http://www.learning.com/vsknoetxfuwf
1609,2022-09-01,http://www.learning.com/j2a9ycfhzzko,http://www.learning.com/7c8sxjsw75s9
1610,2022-05-06,http://www.learning.com/o1upip1douc2,http://www.learning.com/u87h17hbbzws
1611,2019-03-20,http://www.learning.com/s4s9k1svmb5a,http://www.learning.com/fl5ul3y6f3fz
1612,2019-07-10,http://www.learning.com/yorpg8kx20o2,http://www.learning.com/0c7kt98bn9he
1613,2020-06-24,http://www.learning.com/a769vzq9svl3,http://www.learning.com/64wtil01h9t5
1614,2021-03-31,http://www.learning.com/wf6l0pht2f91,http://www.learning.com/qs9anivgou3w
1615,2024-02-15,http://www.learning.com/hmkbc0ku5245,http://www.learning.com/g0cvsnkgdsgd
1616,2019-12-09,http://www.learning.com/xq6pabjgkmlq,http://www.learning.com/52mbno4wj61d
1617,2022-04-29,http://www.learning.com/yy6thoutzney,http://www.learning.com/udkb3mxtxqkg
1618,2022-10-07,http://www.learning.com/d8u5strn6mqv,http://www.learning.com/y9h05720urea
1619,2020-09-09,http://www.learning.com/sh1q9llxhr6n,http://www.learning.com/o2r92unsxa25
1620,2019-11-06,http://www.learning.com/phskf3hzynle,http://www.learning.com/csm19t3j8z4o
1621,2020-08-20,http://www.learning.com/dtxbvjxy1fff,http://www.learning.com/kpdue3zvbmyo
1622,2021-11-03,http://www.learning.com/9w116b2n8nh8,http://www.learning.com/cjqyvjbkkpjb
1623,2024-12-12,http://www.learning.com/4n4gl452zv54,http://www.learning.com/0vsadpgzvz8r
1624,2022-11-29,http://www.learning.com/al6pkjoj2sje,http://www.learning.com/2oy9av1299ue
1625,2020-11-12,http://www.learning.com/ljbhvi9bx0kj,http://www.learning.com/0guw754ybhy5
1626,2024-10-17,http://www.learning.com/18qalry00ho7,http://www.learning.com/dwiylrd0b5hg
1627,2022-02-20,http://www.learning.com/bz17uj0fa6q8,http://www.learning.com/ujto5ht96ebl
1628,2022-07-18,http://www.learning.com/e3g64sv57hug,http://www.learning.com/qmukuyaegr3e
1629,2021-10-07,http://www.learning.com/8snbc290xivy,http://www.learning.com/mu4pmqha1uk0
1630,2023-11-06,http://www.learning.com/2x9oh8zxgfi7,http://www.learning.com/hnrfupdwt0k2
1631,2021-08-01,http://www.learning.com/2fnavffx0htj,http://www.learning.com/9q8qz904h267
1632,2025-04-23,http://www.learning.com/tyot039x9tns,http://www.learning.com/gvrdkuq97f8n
1633,2019-02-09,http://www.learning.com/h6apzdjyolbs,http://www.learning.com/xj1ftv0bb0y0
1634,2019-01-26,http://www.learning.com/l2lncw7jtm5o,http://www.learning.com/lh4lesjyf6f2
1635,2019-06-21,http://www.learning.com/oq1txi51x3r1,http://www.learning.com/um7dvv67rquz
1636,2023-04-07,http://www.learning.com/9lyw745p2vzj,http://www.learning.com/cvowch7erwtu
1637,2020-01-10,http://www.learning.com/knmqk6pn6rqu,http://www.learning.com/t9uke3akd26t
1638,2025-09-24,http://www.learning.com/4dux7bxohu0p,http://www.learning.com/sl1u6del9iyo
1639,2019-11-28,http://www.learning.com/jw1xu0nufnvt,http://www.learning.com/qtqz8iqzgft0
1640,2019-02-17,http://www.learning.com/rhkt0vmcooeu,http://www.learning.com/ol6tdonrpxv0
1641,2020-02-24,http://www.learning.com/yy1dc143mrpe,http://www.learning.com/az1j0jqj1qzt
1642,2023-03-02,http://www.learning.com/uz4a1vt8r2gb,http://www.learning.com/w1gqw8ixglzs
1643,2019-06-17,http://www.learning.com/8xutal4qbgmd,http://www.learning.com/kix9dfgme9k4
1644,2024-04-21,http://www.learning.com/tjgj6srqy5bi,http://www.learning.com/rd47eyxfws89
1645,2019-05-24,http://www.learning.com/ekwkt2ifkl6n,http://www.learning.com/8raant6brw68
1646,2019-03-20,http://www.learning.com/7dk55i1jbycw,http://www.learning.com/qt37o649x0j5
1647,2019-09-30,http://www.learning.com/mmzb8i65evvt,http://www.learning.com/zplvlrufv5g7
1648,2025-01-12,http://www.learning.com/j54m5548o97w,http://www.learning.com/d07yvbb8omjj
1649,2020-03-17,http://www.learning.com/g0c0hbh0oih9,http://www.learning.com/cjiaee0ab2hl
1650,2022-01-16,http://www.learning.com/8ueewj4nqydi,http://www.learning.com/lgxzwjdrr98z
1651,2023-06-02,http://www.learning.com/w2s4hp44b76x,http://www.learning.com/uxuwwpqp4wp0
1652,2023-11-06,http://www.learning.com/hpg266e053y0,http://www.learning.com/vpa6hsg3li12
1653,2023-05-02,http://www.learning.com/4uak5qwwz9xb,http://www.learning.com/xh9yh3cudlhs
1654,2023-02-21,http://www.learning.com/43uk6epy6pig,http://www.learning.com/l4pl9xlzu7y2
1655,2020-09-05,http://www.learning.com/l4qo8s99t0dz,http://www.learning.com/vt0ld9ak7qxh
1656,2019-12-18,http://www.learning.com/ganvdlat4q3w,http://www.learning.com/1jjny11lozp3
1657,2019-04-15,http://www.learning.com/oznxm1ejloet,http://www.learning.com/wlssgyg44mcc
1658,2020-03-18,http://www.learning.com/9g6sp6qbpmxf,http://www.learning.com/x833a6cqj2ll
1659,2025-03-11,http://www.learning.com/vuzlulgzicny,http://www.learning.com/4mvxsetu9a4g
1660,2025-02-01,http://www.learning.com/ed0v9k5r0931,http://www.learning.com/w31uppr64zvp
1661,2019-04-04,http://www.learning.com/5fpycam755go,http://www.learning.com/rg9isyrkou5h
1662,2023-11-18,http://www.learning.com/m793cjlz4nac,http://www.learning.com/c12utihb802q
1663,2020-01-01,http://www.learning.com/16hk1bjwirl3,http://www.learning.com/mvxeshebo649
1664,2020-05-02,http://www.learning.com/dnk7742dlshf,http://www.learning.com/t948yl4m6c59
1665,2019-10-28,http://www.learning.com/rrd5ohhrea3g,http://www.learning.com/x3pkeuhhwa4w
1666,2022-11-25,http://www.learning.com/0jzuonneepy7,http://www.learning.com/hw91kvfjvjy7
1667,2019-05-25,http://www.learning.com/wv7abfujwo95,http://www.learning.com/hvvnswgoy9vn
1668,2019-10-03,http://www.learning.com/qr0rke6mrtqe,http://www.learning.com/3djai8ufdklt
1669,2023-04-11,http://www.learning.com/tlyxe6dk7pw2,http://www.learning.com/37h2dvn64yl3
1670,2023-11-16,http://www.learning.com/wh6tx5gvdnla,http://www.learning.com/qfz1j73zsjjq
1671,2020-04-20,http://www.learning.com/m9wvx42rx28n,http://www.learning.com/4lxo2xz80a6v
1672,2020-01-01,http://www.learning.com/rbvncdwlpg1g,http://www.learning.com/you3vqhe7k7c
1673,2019-05-31,http://www.learning.com/wczvlbmcs3v4,http://www.learning.com/nvr8l8n89epa
1674,2021-10-23,http://www.learning.com/o9llqfklj5w8,http://www.learning.com/efyajrkaetul
1675,2021-12-16,http://www.learning.com/g5kij9t8p2g7,http://www.learning.com/hxhq24rmpi2p
1676,2020-01-23,http://www.learning.com/cu5scgym6m4c,http://www.learning.com/ei36wzgi27cy
1677,2020-03-06,http://www.learning.com/35t0g1dyohki,http://www.learning.com/tvkcricbf1ww
1678,2026-01-09,http://www.learning.com/ecq6sv9llbg1,http://www.learning.com/0a0qes9hcm2b
1679,2025-01-07,http://www.learning.com/vy1blagzyfll,http://www.learning.com/5kmbqn22ki36
1680,2023-01-14,http://www.learning.com/ecgbe2x091oa,http://www.learning.com/ggmyb0mcfe0j
1681,2022-03-17,http://www.learning.com/uuneyq56svnc,http://www.learning.com/2c0ncce2h9tl
1682,2022-11-28,http://www.learning.com/2w8nr016tx5b,http://www.learning.com/m2tw4lhcnp6n
1683,2024-07-13,http://www.learning.com/3ltr29p3a6jj,http://www.learning.com/v06at8fe3wd8
1684,2024-12-20,http://www.learning.com/rrj3ak7zmf6b,http://www.learning.com/umhnmh4snyoo
1685,2019-10-11,http://www.learning.com/pp0v4q41xb7e,http://www.learning.com/s1jvdbva84on
1686,2022-05-08,http://www.learning.com/iipmqoydfm3u,http://www.learning.com/7kfz9i8tx7ek
1687,2024-07-06,http://www.learning.com/y53jqqsdbe2f,http://www.learning.com/1ta64x1wkjrp
1688,2025-07-20,http://www.learning.com/pzxx5wo0jb4h,http://www.learning.com/ubtgbxm7xk1c
1689,2020-07-28,http://www.learning.com/ahw66ubg8l6h,http://www.learning.com/8ymnrmbr6e6e
1690,2021-09-28,http://www.learning.com/x0a5nxth48k6,http://www.learning.com/zchhja39uvjh
1691,2022-02-22,http://www.learning.com/djahttr1m1xx,http://www.learning.com/0jvvppfo48sl
1692,2022-02-20,http://www.learning.com/qttvayh8y22h,http://www.learning.com/xu1gvjrdt0lk
1693,2022-02-26,http://www.learning.com/i89txe9oc4wh,http://www.learning.com/cvim4nzk0fs3
1694,2025-07-04,http://www.learning.com/wyvon29r7f3b,http://www.learning.com/ftsau3035i8i
1695,2024-12-31,http://www.learning.com/egs34b1qbdqy,http://www.learning.com/1hewdoelthto
1696,2019-10-18,http://www.learning.com/993ufzqzy986,http://www.learning.com/x562coex8u9r
1697,2023-06-02,http://www.learning.com/3ohc5wb1yv5j,http://www.learning.com/49d4hedubk8y
1698,2019-02-08,http://www.learning.com/uqplra1fq64j,http://www.learning.com/fwy34jodxnae
1699,2019-05-17,http://www.learning.com/kzmanb36i5pb,http://www.learning.com/tnlw97f3opis
1700,2021-10-04,http://www.learning.com/d2b02iymyiph,http://www.learning.com/ph6197prfez5
1701,2021-09-08,http://www.learning.com/uvydxypl3yyy,http://www.learning.com/9jt7ahyjmct6
1702,2021-03-06,http://www.learning.com/7lqg1j99h5f3,http://www.learning.com/ka0rpieugpam
1703,2025-09-29,http://www.learning.com/9flp1noi2ol7,http://www.learning.com/1z5581xjp9em
1704,2023-07-18,http://www.learning.com/a1hqkmwy9i4z,http://www.learning.com/8t0d76f8aji2
1705,2021-03-01,http://www.learning.com/rz4fi7yslyye,http://www.learning.com/u95k7blxwoxv
1706,2023-07-11,http://www.learning.com/1ajukp54khhc,http://www.learning.com/00ds5wcls161
1707,2023-07-13,http://www.learning.com/swtbzx9odwqb,http://www.learning.com/3xnom9ynz126
1708,2019-02-10,http://www.learning.com/taeoa67q7pjm,http://www.learning.com/qx1h7lmkkbwv
1709,2022-03-21,http://www.learning.com/lkdowbnvcu69,http://www.learning.com/gjv9ukpvubqp
1710,2020-06-20,http://www.learning.com/4m0g15hl6bkr,http://www.learning.com/diftpypuchip
1711,2020-10-27,http://www.learning.com/f0zma0k50cvb,http://www.learning.com/n5q6fs68o2ot
1712,2024-10-24,http://www.learning.com/vs9akpk8qdsw,http://www.learning.com/8bqfz7oanpdr
1713,2019-09-22,http://www.learning.com/fx4fg0qyq07r,http://www.learning.com/lojb915s8kyu
1714,2021-07-21,http://www.learning.com/zsy7m1hyiv6s,http://www.learning.com/0za2x2wjpo03
1715,2019-06-06,http://www.learning.com/bpz7a4j6hxnu,http://www.learning.com/dq9agsh5ckax
1716,2021-11-02,http://www.learning.com/jhvf4evr6rh8,http://www.learning.com/lf31rcahlbex
1717,2021-06-23,http://www.learning.com/v4kk1mhvo2b3,http://www.learning.com/dla6xwx2kmxo
1718,2023-07-13,http://www.learning.com/oh8dacwdce7m,http://www.learning.com/isdap89wukm8
1719,2020-05-05,http://www.learning.com/j413ly32iwtp,http://www.learning.com/m970bc9gs425
1720,2025-01-21,http://www.learning.com/4cas9msnp7zi,http://www.learning.com/1217jkd6j3yi
1721,2020-09-06,http://www.learning.com/dk4j0ghfb1kv,http://www.learning.com/tdkh7m7pjf6o
1722,2025-12-26,http://www.learning.com/e1epluvxcblu,http://www.learning.com/aym2ywklwdt0
1723,2023-04-11,http://www.learning.com/qkygqp9egu03,http://www.learning.com/t433zi3ksybw
1724,2022-12-24,http://www.learning.com/ito906kvww1t,http://www.learning.com/6z0yux2nwvxn
1725,2022-01-07,http://www.learning.com/1m04kvc2svig,http://www.learning.com/e2yesrpwmq5l
1726,2021-08-05,http://www.learning.com/3gqd8b8vc7q8,http://www.learning.com/dwdluxp1syhu
1727,2022-04-26,http://www.learning.com/97eljlyxz2iy,http://www.learning.com/0q8n4wo5e0wa
1728,2019-11-05,http://www.learning.com/9d127jy9fq56,http://www.learning.com/jkdp8j34gg2l
1729,2024-05-03,http://www.learning.com/u6vaw4bi73uh,http://www.learning.com/4flvbuao9mow
1730,2022-04-27,http://www.learning.com/m7m6if4yh1qi,http://www.learning.com/c000q04las34
1731,2023-08-21,http://www.learning.com/xrje29gej8fd,http://www.learning.com/ns2yoa9p2efp
1732,2024-01-11,http://www.learning.com/qu49lpmghe7m,http://www.learning.com/8tldm4azwa6p
1733,2025-04-24,http://www.learning.com/4rgnrked1izu,http://www.learning.com/7ldnn23ya7bh
1734,2020-07-29,http://www.learning.com/z8o9mx3ju0cj,http://www.learning.com/d1iydy3ovj22
1735,2022-03-22,http://www.learning.com/dsurglkrbom1,http://www.learning.com/crvizgr3vz57
1736,2021-02-06,http://www.learning.com/jbxnp9l6hf84,http://www.learning.com/eunwpqfc4tlv
1737,2019-10-17,http://www.learning.com/3v5en7amvull,http://www.learning.com/mgftfrhyhirg
1738,2019-07-23,http://www.learning.com/ilidi9q4sfsg,http://www.learning.com/rff9gxrknfss
1739,2024-10-26,http://www.learning.com/lo3wq0qvauqs,http://www.learning.com/ulfy0o8y06bl
1740,2019-04-07,http://www.learning.com/av6nfxmizjx0,http://www.learning.com/ihqhfnhun307
1741,2024-12-02,http://www.learning.com/ujf20pe3om93,http://www.learning.com/s2cxe1lj8b38
1742,2020-10-13,http://www.learning.com/x5wkp6v87mx5,http://www.learning.com/akffzsp7n6dj
1743,2024-11-06,http://www.learning.com/2k04lm7jrkid,http://www.learning.com/7gjpgxfs0yh0
1744,2021-11-21,http://www.learning.com/vtizcwsxoklq,http://www.learning.com/ihtltfwdv3gb
1745,2023-08-25,http://www.learning.com/siypqicx46bw,http://www.learning.com/r224dy3u8txk
1746,2020-11-19,http://www.learning.com/bzn81z62n38j,http://www.learning.com/jbkqokgreomr
1747,2019-07-15,http://www.learning.com/t5p2ygysygcp,http://www.learning.com/3kam07yqqn33
1748,2019-11-27,http://www.learning.com/paw9dmwstouh,http://www.learning.com/fd1c6054qefa
1749,2025-07-06,http://www.learning.com/ojkqdocsxkdn,http://www.learning.com/wf7v4xrhogli
1750,2019-03-26,http://www.learning.com/15qikteyg000,http://www.learning.com/xwwx0bq9sosn
1751,2025-01-14,http://www.learning.com/hzcyx6us57uc,http://www.learning.com/28t1u6featja
1752,2020-03-25,http://www.learning.com/itn27vda9gjm,http://www.learning.com/7dnhy8bpfn72
1753,2020-11-13,http://www.learning.com/oak5d3tk7icf,http://www.learning.com/7gnhtj09nbvm
1754,2025-07-25,http://www.learning.com/dimhmbeblx1h,http://www.learning.com/8iggagmqcm1g
1755,2024-10-22,http://www.learning.com/22nm5s4fj7xr,http://www.learning.com/ce4hskyf2p14
1756,2024-04-17,http://www.learning.com/wdohl59ppmhf,http://www.learning.com/inx2b5ljud7n
1757,2019-03-29,http://www.learning.com/q7zwb1qh9u1e,http://www.learning.com/olqtyp3drpsn
1758,2023-01-31,http://www.learning.com/ljcdubyvf3av,http://www.learning.com/e7jnetdujz0x
1759,2021-01-23,http://www.learning.com/nlkjhl0rgeh2,http://www.learning.com/2866gqiklr8t
1760,2021-09-26,http://www.learning.com/ixsenb51qjog,http://www.learning.com/za3apg0ll3ea
1761,2024-07-04,http://www.learning.com/avph1c99ndfm,http://www.learning.com/u41n2bwl09u4
1762,2021-09-13,http://www.learning.com/lgo6930t2588,http://www.learning.com/5x2y12e6w3dp
1763,2024-02-16,http://www.learning.com/2ooexp4xn8f1,http://www.learning.com/v73v7icgbkbx
1764,2025-08-25,http://www.learning.com/vso7wp58xor2,http://www.learning.com/50q271vmmnvg
1765,2024-08-31,http://www.learning.com/eypk8ro0o69c,http://www.learning.com/vj9j0f2fbjbj
1766,2021-12-07,http://www.learning.com/12sxsq3chvai,http://www.learning.com/wkjithtjr7bv
1767,2025-03-01,http://www.learning.com/1efek61x4com,http://www.learning.com/33pepghztxsv
1768,2024-10-07,http://www.learning.com/145ztyecoqri,http://www.learning.com/8u4ayn1rrcvl
1769,2024-11-17,http://www.learning.com/evc8w1whkx00,http://www.learning.com/eo5d05535b0u
1770,2021-01-05,http://www.learning.com/bxpvqj8j4lxv,http://www.learning.com/bkhdalir6z88
1771,2024-04-21,http://www.learning.com/h4wgurp3apu8,http://www.learning.com/qssg6sl4kb7l
1772,2021-04-15,http://www.learning.com/sjz7ob616s9v,http://www.learning.com/ahnef0s1movm
1773,2023-03-12,http://www.learning.com/nymsz6kzik23,http://www.learning.com/4ft65d5kjx5w
1774,2025-09-13,http://www.learning.com/qmdkar5emqq4,http://www.learning.com/s8vetl86gqce
1775,2025-03-05,http://www.learning.com/tpdq6ni3fbln,http://www.learning.com/5giv9qaj3kv2
1776,2024-06-15,http://www.learning.com/eigdp9abclws,http://www.learning.com/hp3ulka7r6wc
1777,2022-08-28,http://www.learning.com/c39unrflbgjo,http://www.learning.com/6o5e66uoganw
1778,2020-08-08,http://www.learning.com/25x9ch9rqc3q,http://www.learning.com/k50f755z3x17
1779,2020-02-20,http://www.learning.com/zvvoixo423x2,http://www.learning.com/rtsvi0ay7tft
1780,2025-05-12,http://www.learning.com/d0xbp3uguy7j,http://www.learning.com/kawidbn21abl
1781,2021-08-10,http://www.learning.com/2snruqg8n87z,http://www.learning.com/yyfv6ephvxgu
1782,2022-12-12,http://www.learning.com/6ffb52u4y5v2,http://www.learning.com/heooy0sj5txn
1783,2023-09-29,http://www.learning.com/51e4wyjev1hz,http://www.learning.com/bczp9b437hz7
1784,2025-08-31,http://www.learning.com/x3dqgoc3l4yc,http://www.learning.com/1wbsogd6qmod
1785,2025-02-27,http://www.learning.com/l8mmztdcp4dl,http://www.learning.com/3nvy3xfgggpa
1786,2023-07-20,http://www.learning.com/32lnii6adon5,http://www.learning.com/386w0akuihe4
1787,2020-02-04,http://www.learning.com/p0uls7z17jk7,http://www.learning.com/twblp92x40w1
1788,2021-08-16,http://www.learning.com/6tbcyjn6osh8,http://www.learning.com/kwcszuxvdqy8
1789,2023-09-27,http://www.learning.com/u3j1vxgqizvd,http://www.learning.com/ogaev47yc6n1
1790,2020-10-02,http://www.learning.com/9wl4ra8lmek4,http://www.learning.com/46osyzgveaie
1791,2021-11-17,http://www.learning.com/eep7fubo98vt,http://www.learning.com/jqbtmmd2fdbq
1792,2023-07-13,http://www.learning.com/qx514i6uwmkx,http://www.learning.com/wngj42pssex4
1793,2024-07-13,http://www.learning.com/hpbpllrlx6kd,http://www.learning.com/cg8sgihtypb6
1794,2025-07-21,http://www.learning.com/4tqjhchts6hk,http://www.learning.com/553a02mgjby3
1795,2024-06-26,http://www.learning.com/aknutgcpqjhq,http://www.learning.com/tbiq8kxw41f1
1796,2025-08-24,http://www.learning.com/d2uq6xq4j76p,http://www.learning.com/ewgdm52qwo87
1797,2025-07-19,http://www.learning.com/t76ckcow05vc,http://www.learning.com/08ib0w7sldv3
1798,2024-01-11,http://www.learning.com/0dy1lph3oiv6,http://www.learning.com/c71o2tl4e4ge
1799,2019-02-11,http://www.learning.com/8d2lzu31u9k5,http://www.learning.com/ayfgmreoea7c
1800,2022-04-01,http://www.learning.com/tkcnt2bluyis,http://www.learning.com/yv1ve86hnprg
1801,2024-02-18,http://www.learning.com/cvq1okaglcbz,http://www.learning.com/obv1ck3z49yv
1802,2025-11-22,http://www.learning.com/8g2r7gz1084r,http://www.learning.com/b93pkaqydmwn
1803,2022-03-26,http://www.learning.com/4jwxxt80noqp,http://www.learning.com/tb0u7ec1klnl
1804,2024-11-30,http://www.learning.com/vvbtd6i0wif0,http://www.learning.com/v7o6ujdxfzsa
1805,2020-11-02,http://www.learning.com/2fimdbgtgp58,http://www.learning.com/7ehy3l9la4o7
1806,2022-12-06,http://www.learning.com/071p7c06ds90,http://www.learning.com/bmzwj65lt9gc
1807,2023-03-04,http://www.learning.com/kogvtsbaglar,http://www.learning.com/82bizizsse9k
1808,2022-02-15,http://www.learning.com/1ij0xqpble71,http://www.learning.com/i9qmt8ho6bcu
1809,2021-10-25,http://www.learning.com/o8loib2nf6sk,http://www.learning.com/h788ghdgiivs
1810,2025-01-12,http://www.learning.com/lym6v33ohxxu,http://www.learning.com/xog9ewsvdyzx
1811,2023-08-31,http://www.learning.com/7ou6orjhy98z,http://www.learning.com/pfpqvlr4eym6
1812,2022-11-16,http://www.learning.com/0uujijm1xp0k,http://www.learning.com/r8pftlfp4ndm
1813,2024-12-24,http://www.learning.com/jc1ryrgkd8ny,http://www.learning.com/h8cstqudmbn0
1814,2021-02-07,http://www.learning.com/nzmehgifevg8,http://www.learning.com/3pkiqbucj30d
1815,2023-04-25,http://www.learning.com/pgg7fwg1x31i,http://www.learning.com/l86tye0oat2o
1816,2025-06-15,http://www.learning.com/z2lxzll5esak,http://www.learning.com/7mbqy3hwn2ry
1817,2020-02-24,http://www.learning.com/5prpv5s8siug,http://www.learning.com/orha1gfugsdy
1818,2024-03-11,http://www.learning.com/xuh9depqvhe9,http://www.learning.com/zmnw2qlwu1im
1819,2021-04-16,http://www.learning.com/ylbk25erhv1b,http://www.learning.com/8j64h2p57114
1820,2021-08-24,http://www.learning.com/uwxnyiy1vhk1,http://www.learning.com/3cnj9a306ce8
1821,2020-10-13,http://www.learning.com/2mh8m5bpu5n4,http://www.learning.com/rvkdi99kr3bl
1822,2023-07-12,http://www.learning.com/x4oeg4716zp4,http://www.learning.com/1up0gtr0c9tv
1823,2019-10-24,http://www.learning.com/a7wpz3z9dmqx,http://www.learning.com/0go7x114uhmt
1824,2019-04-01,http://www.learning.com/1bpezo92nmqg,http://www.learning.com/02hfnvrf8wgf
1825,2023-02-20,http://www.learning.com/00m97j5z2ijb,http://www.learning.com/zhs6b7x9a0vz
1826,2024-09-03,http://www.learning.com/osgfimmgjg1r,http://www.learning.com/x4mmbgcb8unv
1827,2024-03-11,http://www.learning.com/fd46vbofnkjg,http://www.learning.com/j68jz08o1u7v
1828,2019-01-28,http://www.learning.com/ve1n8nv0y9rh,http://www.learning.com/ews53k15p1jq
1829,2022-03-22,http://www.learning.com/ogli2lyvbdza,http://www.learning.com/teq5zizunmqr
1830,2023-07-25,http://www.learning.com/g3bf513924bc,http://www.learning.com/u0ymdv82m363
1831,2020-06-06,http://www.learning.com/j9l8741d968e,http://www.learning.com/w6oirh1kfc3x
1832,2021-05-05,http://www.learning.com/dg7krnblbzoc,http://www.learning.com/43101zs6c88g
1833,2025-07-05,http://www.learning.com/q93stxa5poab,http://www.learning.com/ywhyfgvww8yi
1834,2020-01-25,http://www.learning.com/hh72k9ahy7my,http://www.learning.com/bm5zqpfjvrmo
1835,2024-11-14,http://www.learning.com/1m6fj4cxd650,http://www.learning.com/clnqp0o3xvlf
1836,2023-09-21,http://www.learning.com/8prt05tty83l,http://www.learning.com/psr6pq30jdpj
1837,2020-03-02,http://www.learning.com/yjwon2irmmkd,http://www.learning.com/8pnu3negbj8n
1838,2021-07-21,http://www.learning.com/98lu8nbtor9s,http://www.learning.com/r1itxcb6lcij
1839,2020-04-24,http://www.learning.com/2d9n7vt2fham,http://www.learning.com/xei03fp8mw1k
1840,2020-09-13,http://www.learning.com/rol7y2j3u8yy,http://www.learning.com/n5iz2sdo5j2v
1841,2025-06-27,http://www.learning.com/jzsdnpwprgnx,http://www.learning.com/xjaaa5sxivrz
1842,2023-04-11,http://www.learning.com/ka3u3u17bdsm,http://www.learning.com/q9c7ub1v8of9
1843,2019-04-21,http://www.learning.com/1s88g4oixlah,http://www.learning.com/fmgwpmzyjopw
1844,2025-11-02,http://www.learning.com/1ty0rpqrkzfd,http://www.learning.com/6ia6gwlws15c
1845,2024-05-23,http://www.learning.com/84zhy35j2up9,http://www.learning.com/5osoip57o0ap
1846,2023-11-20,http://www.learning.com/wwx86fsg1nw4,http://www.learning.com/oifrays8cm7h
1847,2020-01-20,http://www.learning.com/0den3tsl7edj,http://www.learning.com/j8t8s39518lz
1848,2024-01-04,http://www.learning.com/jpuaqireyjsd,http://www.learning.com/x9h4ctewfwm6
1849,2020-01-06,http://www.learning.com/e3vhc8lim5am,http://www.learning.com/78rea5qah5ry
1850,2024-08-29,http://www.learning.com/cu5ukhpozy40,http://www.learning.com/na4hyf0a8s0i
1851,2023-02-28,http://www.learning.com/btg5tc496pgf,http://www.learning.com/6v1fkfok55je
1852,2020-04-10,http://www.learning.com/i1ndpk0qtb4b,http://www.learning.com/mvd9nzqcfrq9
1853,2020-09-09,http://www.learning.com/3ju6l66nel57,http://www.learning.com/am7n0niu03iy
1854,2023-10-28,http://www.learning.com/0gqp50expsej,http://www.learning.com/jtydr9cblluc
1855,2019-02-18,http://www.learning.com/4u9198y9athj,http://www.learning.com/uky0q5008g94
1856,2024-02-26,http://www.learning.com/jeblc7lz7rrg,http://www.learning.com/8s2iwjiyoibd
1857,2022-10-25,http://www.learning.com/9525sw4awkwm,http://www.learning.com/dbkrxz1ct625
1858,2020-01-01,http://www.learning.com/qc8a1yz78sif,http://www.learning.com/4hqka4cqzior
1859,2020-07-05,http://www.learning.com/1ywdihial06y,http://www.learning.com/4l94hb3go85c
1860,2020-09-25,http://www.learning.com/gtu3lpgkz444,http://www.learning.com/t4j5cedrr3gi
1861,2023-01-18,http://www.learning.com/7suo54ikimu5,http://www.learning.com/ik7cft3ukqyc
1862,2020-06-18,http://www.learning.com/iwfsu6d3yiqm,http://www.learning.com/ombdfmbodr5i
1863,2025-01-15,http://www.learning.com/0ag2wil2s9xi,http://www.learning.com/5vx7fw3rw5mx
1864,2023-12-19,http://www.learning.com/jjzy5rdfq1zx,http://www.learning.com/eg73y1m85n8u
1865,2023-02-26,http://www.learning.com/j1tasl2pxi5a,http://www.learning.com/5mcx55sjil6d
1866,2023-03-31,http://www.learning.com/723cmcu6zmja,http://www.learning.com/63owb6s4tdwn
1867,2024-03-22,http://www.learning.com/dj4s34tq10gd,http://www.learning.com/pxmxajdbqci4
1868,2024-05-31,http://www.learning.com/czxb4vg32lre,http://www.learning.com/mnnby7ptkfdn
1869,2019-07-01,http://www.learning.com/m8clvka77u75,http://www.learning.com/g7oc800gg6pf
1870,2019-06-12,http://www.learning.com/2xjp7e04k3w1,http://www.learning.com/6jy15ldxmsfd
1871,2024-12-31,http://www.learning.com/bc8zb7333bfd,http://www.learning.com/q2ghjm603oeq
1872,2022-05-01,http://www.learning.com/2z8vv5md1lsv,http://www.learning.com/n1a915dvat14
1873,2024-08-03,http://www.learning.com/tpq9e4tf8o25,http://www.learning.com/g412qx1eck81
1874,2024-11-21,http://www.learning.com/j2s4k8j9j5re,http://www.learning.com/b1hksxbqy7qs
1875,2020-05-30,http://www.learning.com/642iro45vy8e,http://www.learning.com/8r8z7qx305nr
1876,2019-04-01,http://www.learning.com/u559wce3zv6c,http://www.learning.com/z4vomo3dvmt1
1877,2022-05-13,http://www.learning.com/07cqjv2lq14v,http://www.learning.com/s24wb4wtahei
1878,2019-05-26,http://www.learning.com/7y52bta5wtig,http://www.learning.com/fui4fuwu9g63
1879,2021-06-27,http://www.learning.com/fjzz6s4puaec,http://www.learning.com/nzwgahfr3vpr
1880,2025-09-06,http://www.learning.com/7ya5ixpxotvp,http://www.learning.com/mgf80128ulhg
1881,2024-09-10,http://www.learning.com/94bj4jmcfpon,http://www.learning.com/probvz4gv4d8
1882,2025-03-21,http://www.learning.com/ygiptmivyk5z,http://www.learning.com/oxibqoipyut9
1883,2021-01-04,http://www.learning.com/p93l44rsob2v,http://www.learning.com/j7wbwl276336
1884,2022-04-27,http://www.learning.com/igvb1mekm3we,http://www.learning.com/aun5ncq4u8ym
1885,2024-05-12,http://www.learning.com/lqg63mz5mse3,http://www.learning.com/eozpnnx579pz
1886,2023-03-23,http://www.learning.com/v2g9cq877b7d,http://www.learning.com/i2nvdcnxkdpm
1887,2019-04-20,http://www.learning.com/jbas34m0qbwe,http://www.learning.com/1nwuk8e03s76
1888,2021-09-06,http://www.learning.com/4wox8rn4t1gu,http://www.learning.com/ytnior85eb3v
1889,2019-06-08,http://www.learning.com/uqaro1vtrhxx,http://www.learning.com/u86l9l2y2eju
1890,2020-06-25,http://www.learning.com/8ofh5y7h8zaj,http://www.learning.com/zu2lw2lee6z3
1891,2021-04-07,http://www.learning.com/6b4pzldn4dfu,http://www.learning.com/m05dbltr5o6a
1892,2022-11-22,http://www.learning.com/ahlow8ix610q,http://www.learning.com/mrnl7l36skpb
1893,2025-05-04,http://www.learning.com/jim181tbolw7,http://www.learning.com/ngxscfsy8gjp
1894,2019-02-15,http://www.learning.com/kz4pkr0va0k2,http://www.learning.com/p1dxl6kxg5n2
1895,2024-06-14,http://www.learning.com/eatsk3bb7edd,http://www.learning.com/erx89qy4xeh3
1896,2019-04-15,http://www.learning.com/c0ls8ph8vxt4,http://www.learning.com/p6eae4azxixh
1897,2025-12-01,http://www.learning.com/11x89lfvqpi5,http://www.learning.com/m36w6pq91lfz
1898,2025-08-27,http://www.learning.com/xrbaxrcptn9n,http://www.learning.com/yjsq58qt2z86
1899,2025-05-30,http://www.learning.com/2srli1xivpxd,http://www.learning.com/6lhde8k3c44y
1900,2020-12-06,http://www.learning.com/tbhqeqlgnzym,http://www.learning.com/r52ziccc5vev
1901,2023-07-18,http://www.learning.com/f7dhvydq27un,http://www.learning.com/9jld6mqotxyi
1902,2021-02-04,http://www.learning.com/annvjnivdwy4,http://www.learning.com/jgt2llhys1ud
1903,2025-04-11,http://www.learning.com/ptx8celd63em,http://www.learning.com/15bojekik44p
1904,2019-01-18,http://www.learning.com/7p3v6rcv6y1g,http://www.learning.com/6dh490ckvvl7
1905,2019-08-25,http://www.learning.com/y4ce7o105z3b,http://www.learning.com/h7se428mwzld
1906,2021-06-12,http://www.learning.com/p7s9s6x0cax9,http://www.learning.com/nv4vrh9ycmte
1907,2020-10-17,http://www.learning.com/0ah5a9z4h83u,http://www.learning.com/sfnw2uj3bcgw
1908,2020-09-27,http://www.learning.com/j6358j7yx6n5,http://www.learning.com/kuw8med7mq6z
1909,2024-06-23,http://www.learning.com/58o41reqrcja,http://www.learning.com/uim555as76j4
1910,2019-11-05,http://www.learning.com/pi1f7pl4sk3o,http://www.learning.com/avn8nuv6e69u
1911,2019-02-26,http://www.learning.com/g7tyy8rkgv8l,http://www.learning.com/g2wk1cl4hlqp
1912,2020-08-15,http://www.learning.com/5pqnmpue8y3c,http://www.learning.com/h3c4ynl9pgnx
1913,2021-03-13,http://www.learning.com/vjetxkh14d0x,http://www.learning.com/gyn7qgt1lfv5
1914,2022-01-04,http://www.learning.com/n02wp42d4vuo,http://www.learning.com/oxby2u8z63m1
1915,2021-12-08,http://www.learning.com/i5hiek99lg4p,http://www.learning.com/6l6km9z8wj36
1916,2022-04-23,http://www.learning.com/yhrzsn28d18o,http://www.learning.com/u1n3g5ogimvw
1917,2022-05-24,http://www.learning.com/m4hjo2e4tamy,http://www.learning.com/as988nw47498
1918,2024-12-01,http://www.learning.com/i2gxx9lvhjww,http://www.learning.com/34gmawhsjxld
1919,2022-12-07,http://www.learning.com/c5mzfvd5yn42,http://www.learning.com/mmx0zjhi7t2r
1920,2020-09-19,http://www.learning.com/xwiveyvrmr9z,http://www.learning.com/osfmo4mqlqim
1921,2020-07-16,http://www.learning.com/jwqw820z7mlg,http://www.learning.com/9af46wm3s33d
1922,2019-05-15,http://www.learning.com/mljdrnaf4a30,http://www.learning.com/derc8alk5dke
1923,2019-08-19,http://www.learning.com/pht3ges2fstd,http://www.learning.com/x80wlp3akumw
1924,2022-12-22,http://www.learning.com/gv5qhpnye4r7,http://www.learning.com/loodtv9iu2sq
1925,2022-09-30,http://www.learning.com/c0j839zrpp1m,http://www.learning.com/2cqul4ysshmq
1926,2025-07-05,http://www.learning.com/h97x5rzazfat,http://www.learning.com/pvx0a8hyxuj6
1927,2019-02-19,http://www.learning.com/5niay8rmh5kn,http://www.learning.com/tsbho8j45sqc
1928,2019-04-07,http://www.learning.com/jbxoet2rnycc,http://www.learning.com/g02n7dd42opy
1929,2021-06-12,http://www.learning.com/gv2091wwotwo,http://www.learning.com/2ep8a80sqd7h
1930,2019-07-03,http://www.learning.com/83prhnhmyhe8,http://www.learning.com/2ld1huk1vv5y
1931,2022-12-30,http://www.learning.com/rztyr8e3808v,http://www.learning.com/vozz5fye0y6q
1932,2019-02-21,http://www.learning.com/14mm1s3m57vb,http://www.learning.com/30tk5kct75bj
1933,2021-04-15,http://www.learning.com/5wtgqvj0q44e,http://www.learning.com/juluagxw8ff2
1934,2019-08-24,http://www.learning.com/tloq3mrqwczd,http://www.learning.com/5gbydha8ahfp
1935,2020-10-15,http://www.learning.com/gr943serwew8,http://www.learning.com/qhqrq9vdiwfa
1936,2024-09-26,http://www.learning.com/0tzihaafvvu4,http://www.learning.com/f28nxqam25ik
1937,2022-05-30,http://www.learning.com/p2di3qkhy3ej,http://www.learning.com/e2wq5aizj7fj
1938,2019-12-11,http://www.learning.com/g3sriqz6s64i,http://www.learning.com/f6pme00psdrb
1939,2021-10-27,http://www.learning.com/9z5tdefzzvo9,http://www.learning.com/wjhizykqvcuw
1940,2020-06-16,http://www.learning.com/vtfer4g1rlsr,http://www.learning.com/4rddj5xs7uf1
1941,2020-11-25,http://www.learning.com/phf33qo8qqj1,http://www.learning.com/lpfkt5fv3dzn
1942,2021-10-04,http://www.learning.com/wvt58mrzwtjz,http://www.learning.com/m3h1e4rvnhc2
1943,2023-10-19,http://www.learning.com/6zv498t7q676,http://www.learning.com/jie2wczn9gi3
1944,2019-03-10,http://www.learning.com/pwfxgv2iv96g,http://www.learning.com/gjyo4tyoy57c
1945,2020-06-07,http://www.learning.com/d4x1y8jhbaql,http://www.learning.com/sohhes7rzd8t
1946,2020-02-18,http://www.learning.com/8hjrjt6gzrwc,http://www.learning.com/oi872psw0c2q
1947,2021-01-22,http://www.learning.com/7fot28bhan8o,http://www.learning.com/119hgszjf8sn
1948,2024-01-09,http://www.learning.com/jmpbk47td8sw,http://www.learning.com/2136peoixlx9
1949,2022-06-05,http://www.learning.com/y0bdr3rk7hwz,http://www.learning.com/4p3wiy81ooz1
1950,2022-06-18,http://www.learning.com/byn4u1bl6qdh,http://www.learning.com/3pjzr5r05jfl
1951,2022-12-30,http://www.learning.com/3ushhvwcbe65,http://www.learning.com/no01nmzkvnh1
1952,2025-01-15,http://www.learning.com/mlkq5kngnhzj,http://www.learning.com/9m4nonoeo2ww
1953,2023-04-23,http://www.learning.com/nxfljc5c7hrs,http://www.learning.com/4y6gv1d9p899
1954,2024-10-09,http://www.learning.com/nq0st80i7yaf,http://www.learning.com/53wlaqsku50f
1955,2025-07-02,http://www.learning.com/44j94lfvekko,http://www.learning.com/fdo4n03rmrm0
1956,2025-07-30,http://www.learning.com/k60p9c4ssuey,http://www.learning.com/72xgto45h4hj
1957,2019-08-03,http://www.learning.com/trnnpun7mjfe,http://www.learning.com/bhcf0gd2wkmq
1958,2021-07-28,http://www.learning.com/3uz6tixkfk4y,http://www.learning.com/9ioedkkf90vy
1959,2023-02-23,http://www.learning.com/jll4p1kknrym,http://www.learning.com/dtjl7epdr0ku
1960,2023-04-29,http://www.learning.com/mdys7drm03rf,http://www.learning.com/h3vz373y97np
1961,2025-03-06,http://www.learning.com/m2kli4e29yun,http://www.learning.com/zz442tk4smt3
1962,2022-11-09,http://www.learning.com/gnxhzyn0ww2i,http://www.learning.com/8z1xeiz43ll6
1963,2025-06-19,http://www.learning.com/dcgknpns2e2r,http://www.learning.com/gvtnw0a3updz
1964,2021-03-01,http://www.learning.com/zqe41a2pu1k9,http://www.learning.com/9jlc3eczoadr
1965,2019-08-11,http://www.learning.com/hkubgs515wki,http://www.learning.com/66xyaxoi0igw
1966,2025-04-27,http://www.learning.com/218ih0pnqlmt,http://www.learning.com/sk0ccvrmfn2o
1967,2020-09-14,http://www.learning.com/jn7psgajnil4,http://www.learning.com/wta1dz658kgx
1968,2024-10-17,http://www.learning.com/td056nivkhg8,http://www.learning.com/jszgj0hpq6ne
1969,2024-12-04,http://www.learning.com/99g5r9sihxbe,http://www.learning.com/trkenzj9tukr
1970,2024-06-01,http://www.learning.com/rshwms4hkn4b,http://www.learning.com/sovfuwspvtrk
1971,2025-11-16,http://www.learning.com/17cvcn4k75a8,http://www.learning.com/416487iaj7s9
1972,2021-02-06,http://www.learning.com/cslywdehavm9,http://www.learning.com/szslgecvoxv6
1973,2024-10-02,http://www.learning.com/keyfhq56b4bh,http://www.learning.com/oyg65929xcrd
1974,2025-07-26,http://www.learning.com/1e4yv6mkw1ft,http://www.learning.com/6fjleksmx1v3
1975,2025-06-09,http://www.learning.com/4wocrpl3p1d2,http://www.learning.com/wl56u5wier3l
1976,2019-12-29,http://www.learning.com/uutdq57z24md,http://www.learning.com/zejfgt856t5x
1977,2019-12-23,http://www.learning.com/1y7jr0p9v699,http://www.learning.com/w2pg4z55hfng
1978,2022-09-24,http://www.learning.com/r5g3abr24si7,http://www.learning.com/h4bq2bym5dug
1979,2024-09-06,http://www.learning.com/bpd2m78j5v4o,http://www.learning.com/5rcsuk14kvx3
1980,2023-03-21,http://www.learning.com/i3ylg0u31tqc,http://www.learning.com/uwccloelmbni
1981,2025-04-03,http://www.learning.com/5opnfi0cc9lb,http://www.learning.com/t0kx6hw061pn
1982,2020-01-27,http://www.learning.com/o4wzj0bllfuf,http://www.learning.com/k4u6ra7bid14
1983,2021-11-20,http://www.learning.com/wuewhmfo7195,http://www.learning.com/6uccys9xy0p4
1984,2022-02-23,http://www.learning.com/4foe26win23c,http://www.learning.com/wrl48poswyvc
1985,2019-05-15,http://www.learning.com/jfutnd0nn3lp,http://www.learning.com/jl2vlnmqfx62
1986,2021-09-22,http://www.learning.com/py5gu1up87uc,http://www.learning.com/tnw3e3ocjshc
1987,2021-12-15,http://www.learning.com/jridxkt5r6y1,http://www.learning.com/oxo9q2i5qo9l
1988,2025-04-18,http://www.learning.com/uuecw975i87u,http://www.learning.com/dtotapsu9x4g
1989,2025-02-27,http://www.learning.com/4g9dgtcltvre,http://www.learning.com/et907cfrks8k
1990,2022-06-12,http://www.learning.com/4zny8852rpwo,http://www.learning.com/t615j8v1olfr
1991,2019-12-22,http://www.learning.com/s27xej9xfvb3,http://www.learning.com/e0gml3mo2u8j
1992,2020-12-30,http://www.learning.com/j17mh1nkrbmc,http://www.learning.com/ufbe9deezpro
1993,2021-07-08,http://www.learning.com/voubggswyn30,http://www.learning.com/i3qs7q4rh5e7
1994,2021-09-11,http://www.learning.com/chjkdqx630s4,http://www.learning.com/fjmuh5byjbva
1995,2024-07-27,http://www.learning.com/jzbdmxabdicf,http://www.learning.com/ay62y35uhsnn
1996,2025-06-05,http://www.learning.com/ofwey929racl,http://www.learning.com/ocs0haups1vc
1997,2023-10-05,http://www.learning.com/6o3ob177tm0g,http://www.learning.com/9nv15uigjm69
1998,2020-05-11,http://www.learning.com/7geibveoxran,http://www.learning.com/ll5ciiy31r2f
1999,2023-08-28,http://www.learning.com/qgeoqtcj4quy,http://www.learning.com/ianl0g3sr946
2000,2024-12-16,http://www.learning.com/37n5iqf3h4tf,http://www.learning.com/gnl61nxumqfo
