meetingID,recordingLink
1,http://www.learning.com/1iz0fpoarluh
2,http://www.learning.com/31x764bwbxkl
3,http://www.learning.com/hgv5p57igxie
4,http://www.learning.com/om4qefsu4xtn
5,http://www.learning.com/zorfk902m2g8
6,http://www.learning.com/ete0xx9i75ad
7,http://www.learning.com/pr4ahydna12j
8,http://www.learning.com/ii5fce41482j
9,http://www.learning.com/vl16tjfactl5
10,http://www.learning.com/lzensk62iwc0
11,http://www.learning.com/bj8zian1cnp1
12,http://www.learning.com/hokmmkbg1o65
13,http://www.learning.com/4ms7gu87r3pq
14,http://www.learning.com/spoy8oj4ty6p
15,http://www.learning.com/mhsdq7yj7vqg
16,http://www.learning.com/hwuqqiwnrvtm
17,http://www.learning.com/n1k4of38uxug
18,http://www.learning.com/s024kcnqaqqm
19,http://www.learning.com/eapeolzh884g
20,http://www.learning.com/kb7dazck5798
21,http://www.learning.com/el5viyteviwu
22,http://www.learning.com/7v7cj4slun8f
23,http://www.learning.com/nu92zh10ppnw
24,http://www.learning.com/b7f71kh6dleb
25,http://www.learning.com/lrohrzecgw15
26,http://www.learning.com/wijkxro1ny2h
27,http://www.learning.com/qw61y5kjzdnx
28,http://www.learning.com/ecxggtxmf9om
29,http://www.learning.com/gvwd3xl1vfxm
30,http://www.learning.com/q9obi8e5kek1
31,http://www.learning.com/ww0oiynm3own
32,http://www.learning.com/49wkmhvfqalm
33,http://www.learning.com/bhvsuv2zp8yp
34,http://www.learning.com/2e8r5fbqzkjk
35,http://www.learning.com/gyr0kl4a0v64
36,http://www.learning.com/hf8jv05ctj9h
37,http://www.learning.com/r7xrfyt92dvj
38,http://www.learning.com/nq9qcgou7cm5
39,http://www.learning.com/oige3zu584o8
40,http://www.learning.com/jes0tjvasaa7
41,http://www.learning.com/kggw65q4bka3
42,http://www.learning.com/dkxr5o0q94w4
43,http://www.learning.com/e9jg4u68egpy
44,http://www.learning.com/klj7xbvgj4s5
45,http://www.learning.com/mrwdv9dusjw4
46,http://www.learning.com/o32tr6e1mc1s
47,http://www.learning.com/1hrluxip1f5o
48,http://www.learning.com/yobgz660agix
49,http://www.learning.com/vqy1sitxqaqo
50,http://www.learning.com/f9xtjk7gdip8
51,http://www.learning.com/h3272ckg9x5d
52,http://www.learning.com/n0dqqbfp9dgq
53,http://www.learning.com/iukubvd6vby5
54,http://www.learning.com/afu8gwi2syw2
55,http://www.learning.com/oxgw8mnggx34
56,http://www.learning.com/2z1epco91koq
57,http://www.learning.com/3vsi3tb8wtpv
58,http://www.learning.com/1vewueeppx1b
59,http://www.learning.com/qtgq2fb60eve
60,http://www.learning.com/17ovexwridbh
61,http://www.learning.com/1nnmlaok69cp
62,http://www.learning.com/ctn82s1qci6l
63,http://www.learning.com/1wyku3yfrhjp
64,http://www.learning.com/cceywegupute
65,http://www.learning.com/o5f6rny7t981
66,http://www.learning.com/l3a1hrqjps2l
67,http://www.learning.com/owd1kylcj3ch
68,http://www.learning.com/4loltdiz5emm
69,http://www.learning.com/kbclsa9fpska
70,http://www.learning.com/35hu6al6vtz9
71,http://www.learning.com/aaqtqlk0lfcp
72,http://www.learning.com/d9uefqiq0ria
73,http://www.learning.com/db6v7ra6avxl
74,http://www.learning.com/uee3wljykhn9
75,http://www.learning.com/6z3pgv9o4f1u
76,http://www.learning.com/0m7hdhxgmt28
77,http://www.learning.com/uzm8v5cad78g
78,http://www.learning.com/qjmquw4lue8q
79,http://www.learning.com/tpmtue5jp38u
80,http://www.learning.com/tzhb4z24v7jg
81,http://www.learning.com/5x8kcu8xt30u
82,http://www.learning.com/hjh9tonhwgwm
83,http://www.learning.com/j0aqh25jki3x
84,http://www.learning.com/2ab32um6ffuk
85,http://www.learning.com/hov8ejapt72d
86,http://www.learning.com/lwxzlsh9qjfy
87,http://www.learning.com/1nicm3dhoqqp
88,http://www.learning.com/r9lo8j9eq38g
89,http://www.learning.com/9fud5ynz91bp
90,http://www.learning.com/1klbl3ek5md0
91,http://www.learning.com/7cwgrcn7w1cz
92,http://www.learning.com/gsfck9fbwq2a
93,http://www.learning.com/bwmel87mgw84
94,http://www.learning.com/6avcuo62ch72
95,http://www.learning.com/b4jajh9nbfjp
96,http://www.learning.com/ua4kmcq06b57
97,http://www.learning.com/6h2b5a80vj21
98,http://www.learning.com/n631jieb1bng
99,http://www.learning.com/px2x81xd7lhs
100,http://www.learning.com/tvq4w2m32mnb
101,http://www.learning.com/zixp3todva16
102,http://www.learning.com/r5ceenveuqh9
103,http://www.learning.com/eawv43otw7bt
104,http://www.learning.com/bauo8506psws
105,http://www.learning.com/hxausucrjxtp
106,http://www.learning.com/a4m1ibik19j8
107,http://www.learning.com/lij2a9p6a9ra
108,http://www.learning.com/o82c7mpq9gjh
109,http://www.learning.com/pn1s5qyzm23m
110,http://www.learning.com/acb2979u4c2e
111,http://www.learning.com/sn9c8yudcrvc
112,http://www.learning.com/4tnkmbb5i5jp
113,http://www.learning.com/s7e3xch6bqgd
114,http://www.learning.com/15hg3rh6nkn2
115,http://www.learning.com/85gwcdms2mj2
116,http://www.learning.com/vz3fsddqk4fq
117,http://www.learning.com/msjiaqd44ss8
118,http://www.learning.com/lya0g9bz8mo0
119,http://www.learning.com/as7ogp4y8kmi
120,http://www.learning.com/hnwww4t1j50m
121,http://www.learning.com/2av68ib9poh2
122,http://www.learning.com/g2is30f2425w
123,http://www.learning.com/3q1laasjhvrq
124,http://www.learning.com/onbgsu2bqmpj
125,http://www.learning.com/jqo8dyddzbdt
126,http://www.learning.com/ylayrgnkdqj8
127,http://www.learning.com/wvb6zd8skmd3
128,http://www.learning.com/ccdgzjpj19p3
129,http://www.learning.com/zdhjw1kqro9a
130,http://www.learning.com/kh75x2bxzx0e
131,http://www.learning.com/zoef8ojecvi1
132,http://www.learning.com/rdq7w7u4tr93
133,http://www.learning.com/mbj3mftw1boe
134,http://www.learning.com/ghs16ksavc7u
135,http://www.learning.com/qsgbh6v346oc
136,http://www.learning.com/ec1r0ds028fd
137,http://www.learning.com/neckdt8klbh3
138,http://www.learning.com/e4z1kuyv83bk
139,http://www.learning.com/sn7j9v77ygea
140,http://www.learning.com/muv18lwkaygt
141,http://www.learning.com/jscff3oaflk5
142,http://www.learning.com/bfv4hxkuhbk1
143,http://www.learning.com/58wm4yf30clq
144,http://www.learning.com/3f4thdqp18xe
145,http://www.learning.com/dwtt1tl44c4o
146,http://www.learning.com/9rfruqijkoak
147,http://www.learning.com/72m3azmzlugr
148,http://www.learning.com/bdtu9amtpgza
149,http://www.learning.com/2lquh8vrdz5a
150,http://www.learning.com/7kaoah2ea2jm
151,http://www.learning.com/y8ip93xeln1y
152,http://www.learning.com/8d4inff8ejyh
153,http://www.learning.com/xntl01ic3svb
154,http://www.learning.com/eapu5df42h63
155,http://www.learning.com/9yo8sm9iqi8n
156,http://www.learning.com/0oo2j3w5sm92
157,http://www.learning.com/bf3ptamj4x96
158,http://www.learning.com/91skdzjgpr5t
159,http://www.learning.com/lgdqv5e3ljpp
160,http://www.learning.com/r46h3wp8j15u
161,http://www.learning.com/g0sy5yfs6wrh
162,http://www.learning.com/r816t0ax2crc
163,http://www.learning.com/myn0m917gib4
164,http://www.learning.com/ob17aelotd8g
165,http://www.learning.com/apj990x1c3y4
166,http://www.learning.com/nd3df1h8mmth
167,http://www.learning.com/5mpuw0qujgwg
168,http://www.learning.com/238srgx7fbgq
169,http://www.learning.com/919farw13u46
170,http://www.learning.com/a192weeo4681
171,http://www.learning.com/lz8w4us4s4g7
172,http://www.learning.com/jzpwht2oryus
173,http://www.learning.com/jyzntmavf2jb
174,http://www.learning.com/r5jdjenaaoqm
175,http://www.learning.com/j8n67v0wlyox
176,http://www.learning.com/61h6k7y22p30
177,http://www.learning.com/rnwyad8htfb0
178,http://www.learning.com/gz8w4tsx47ac
179,http://www.learning.com/v94qavkx59lq
180,http://www.learning.com/t5hkbuth0rau
181,http://www.learning.com/xvfrkpytw1s7
182,http://www.learning.com/x68ktbvfkirn
183,http://www.learning.com/rkrk7vyiv8ns
184,http://www.learning.com/t9yewn7yh7ma
185,http://www.learning.com/84j0bphtlay2
186,http://www.learning.com/8dvr5t4ycn6d
187,http://www.learning.com/6b2kce9wk036
188,http://www.learning.com/kshvcypro76z
189,http://www.learning.com/o7miggubx8t6
190,http://www.learning.com/7jfwvufdqaur
191,http://www.learning.com/8joe1bspvkb4
192,http://www.learning.com/rjp85lhsta12
193,http://www.learning.com/ax00enm6e7w4
194,http://www.learning.com/4pgz4970wz62
195,http://www.learning.com/r9ihj4tlfbmx
196,http://www.learning.com/dubm79r5zw7k
197,http://www.learning.com/eplrx7qancse
198,http://www.learning.com/v3le64kw5331
199,http://www.learning.com/ux2601pk06bd
200,http://www.learning.com/tzodf336sx69
201,http://www.learning.com/1enb8jc7nj5x
202,http://www.learning.com/qbbq9do5inlc
203,http://www.learning.com/qry4e1kqo36q
204,http://www.learning.com/sm1e9z74tu2i
205,http://www.learning.com/lvkn1n1v8gi7
206,http://www.learning.com/fv6wbjs83cwm
207,http://www.learning.com/tca35a0qpvq2
208,http://www.learning.com/wv61jz54b3gh
209,http://www.learning.com/x2atqe6o5otu
210,http://www.learning.com/72oon7bv39mq
211,http://www.learning.com/3l0ljngdn495
212,http://www.learning.com/w1g72r09isiy
213,http://www.learning.com/4hgufrgdg8gf
214,http://www.learning.com/k8a0resxqji7
215,http://www.learning.com/bhjnw0t0wffy
216,http://www.learning.com/55wqgithcjo2
217,http://www.learning.com/yy2megsvedrp
218,http://www.learning.com/cqrrble80vq1
219,http://www.learning.com/be132dqvtkhv
220,http://www.learning.com/p77ak8enhsxy
221,http://www.learning.com/gu4scee24d1g
222,http://www.learning.com/b9el3xdgxyex
223,http://www.learning.com/8um16ayfekvi
224,http://www.learning.com/yqz6w6w6o26v
225,http://www.learning.com/g837x216g58y
226,http://www.learning.com/8vzjlykqn7l7
227,http://www.learning.com/9cp24yllbl0g
228,http://www.learning.com/nhk3ni8i41qn
229,http://www.learning.com/411p2to76w39
230,http://www.learning.com/d66vjqe516j1
231,http://www.learning.com/c9eyzfptpt13
232,http://www.learning.com/sauap3yqhur3
233,http://www.learning.com/pwc5298rfzsr
234,http://www.learning.com/4mz1zzqf3bi1
235,http://www.learning.com/ovazqnhay8ci
236,http://www.learning.com/weqyan4stlkn
237,http://www.learning.com/6r63jlcmmcea
238,http://www.learning.com/1jduwk2y83in
239,http://www.learning.com/z5djlc7ktwe8
240,http://www.learning.com/vlj5bd2cmy3b
241,http://www.learning.com/k82ptywceyto
242,http://www.learning.com/jhgserm62x18
243,http://www.learning.com/qbf9c6d2vqo0
244,http://www.learning.com/ytjg57trwxre
245,http://www.learning.com/8yx099qisap9
246,http://www.learning.com/ew2c0fgdm2ey
247,http://www.learning.com/yiw8tvemj84n
248,http://www.learning.com/x832kzge63ag
249,http://www.learning.com/uf3qb8evaw96
250,http://www.learning.com/g7fc8rd0rqsr
251,http://www.learning.com/i4jovwwx7cdx
252,http://www.learning.com/ycrlpflreouj
253,http://www.learning.com/o2v5pzcgx762
254,http://www.learning.com/flmqowuwlf5u
255,http://www.learning.com/c1gbsgaz50f6
256,http://www.learning.com/dawpxiwvpzkd
257,http://www.learning.com/mb8h2xjmant7
258,http://www.learning.com/7mcndo5k3unp
259,http://www.learning.com/wi6cbuc4s4qs
260,http://www.learning.com/rp0oc7rrr3wj
261,http://www.learning.com/7qo7ou84mmxe
262,http://www.learning.com/bq9r1s2sprym
263,http://www.learning.com/zm9z5ol33fx6
264,http://www.learning.com/mmtfmoptihk2
265,http://www.learning.com/mrw020tzk6nb
266,http://www.learning.com/otkx3xruims2
267,http://www.learning.com/kqm90g26c2pd
268,http://www.learning.com/wv0ctiysycqk
269,http://www.learning.com/hfj5nhc0dbkj
270,http://www.learning.com/9w5xj7bin8ho
271,http://www.learning.com/xv4iw1ai7pqf
272,http://www.learning.com/33pdwwnmqyor
273,http://www.learning.com/dtzn9zz60zyi
274,http://www.learning.com/vgr1rh9ji99l
275,http://www.learning.com/rij212w7793m
276,http://www.learning.com/lr5kagjqgol8
277,http://www.learning.com/6jzexzdim5mi
278,http://www.learning.com/ukzstz17xklv
279,http://www.learning.com/pbvui6m2tflc
280,http://www.learning.com/88vilko9fjlb
281,http://www.learning.com/8axqgshxc5a8
282,http://www.learning.com/6ut6ltk0mqsz
283,http://www.learning.com/1yji8eld92op
284,http://www.learning.com/7v1y9v32d7t4
285,http://www.learning.com/ploph21omhc9
286,http://www.learning.com/v3yns2gdc4qa
287,http://www.learning.com/m5gncipbwoa0
288,http://www.learning.com/hwl1fbow9mcw
289,http://www.learning.com/rar962yd66d6
290,http://www.learning.com/fxuv7j4lzevq
291,http://www.learning.com/rxukr3t8oo0q
292,http://www.learning.com/y4tslmgam8yp
293,http://www.learning.com/pzgdjqxjobpn
294,http://www.learning.com/8hqmq7d35syv
295,http://www.learning.com/1s3bbkp3m70w
296,http://www.learning.com/8j2ajytw9l66
297,http://www.learning.com/pt7eam5pnm4v
298,http://www.learning.com/cvhf7h6m4c90
299,http://www.learning.com/ckq05jsgo39p
300,http://www.learning.com/sgtzrrwxtvjy
301,http://www.learning.com/jag24f5djhqx
302,http://www.learning.com/hp6tro5dcb6w
303,http://www.learning.com/4hgfgl4mzwia
304,http://www.learning.com/89b9ag20beb6
305,http://www.learning.com/ysqj1kafrj7v
306,http://www.learning.com/yo189rxyv504
307,http://www.learning.com/2vltsr8jkxhh
308,http://www.learning.com/r2kbera3b5sh
309,http://www.learning.com/ntiwy08i33gj
310,http://www.learning.com/31svy54s6a2e
311,http://www.learning.com/u6jgt5m316nw
312,http://www.learning.com/tnhorhzmmhm0
313,http://www.learning.com/pq0nf8jwud8g
314,http://www.learning.com/nt43vr3vjied
315,http://www.learning.com/m4f0ktp0398p
316,http://www.learning.com/n8fhu8ems5l6
317,http://www.learning.com/3ax5oua18mll
318,http://www.learning.com/wji5yzvqdizs
319,http://www.learning.com/j4yhn2565hfo
320,http://www.learning.com/14hmivlqzov3
321,http://www.learning.com/bibiyn475gn8
322,http://www.learning.com/t8s2nskeqrrg
323,http://www.learning.com/plawpcst2ymo
324,http://www.learning.com/37odaio2xwry
325,http://www.learning.com/fwvpz30i02c1
326,http://www.learning.com/z65i75dazhgc
327,http://www.learning.com/j7qndnrqmqpx
328,http://www.learning.com/7qxywlhq0fu2
329,http://www.learning.com/rthfnnapgu9w
330,http://www.learning.com/pak3mb4lfgc9
331,http://www.learning.com/bb59mlvqwesd
332,http://www.learning.com/eke6egp2te18
333,http://www.learning.com/m6bnozwx6zyp
334,http://www.learning.com/ectzldgf9cjn
335,http://www.learning.com/stsd7tvpsohj
336,http://www.learning.com/nkhlp59gitgf
337,http://www.learning.com/r4374j7l752r
338,http://www.learning.com/5bsi8blb1vc4
339,http://www.learning.com/esi1ohi1ndvl
340,http://www.learning.com/yohdpbbbcr4g
341,http://www.learning.com/k7hyt0szptcf
342,http://www.learning.com/bz96t1ugdurt
343,http://www.learning.com/3wcwwa6c40az
344,http://www.learning.com/nl2b1k2js1cz
345,http://www.learning.com/0utvy2fuv2xb
346,http://www.learning.com/lysvd3ndo6az
347,http://www.learning.com/ysdh7v8wxusp
348,http://www.learning.com/sxulzxays9rw
349,http://www.learning.com/8opflcn2fq0u
350,http://www.learning.com/q2jz3ldh363p
351,http://www.learning.com/v0qbhzqjsgbo
352,http://www.learning.com/5hph247chowt
353,http://www.learning.com/9wchghgyf3fd
354,http://www.learning.com/myjygz8h8czh
355,http://www.learning.com/ejmbzvov40lj
356,http://www.learning.com/81xg3t6hmy1n
357,http://www.learning.com/a8jxnv9zccxb
358,http://www.learning.com/w5nylaoun8d6
359,http://www.learning.com/vclgw09ps3se
360,http://www.learning.com/75gu48qhr3ja
361,http://www.learning.com/i7d9so0s8jk3
362,http://www.learning.com/wopc2zr9aa0s
363,http://www.learning.com/ys2gkazdea4a
364,http://www.learning.com/cghc7da72hhj
365,http://www.learning.com/8gif2pmurivb
366,http://www.learning.com/hwbd7wa1e3zl
367,http://www.learning.com/j7i7rk7qws4u
368,http://www.learning.com/0h90u5f46niu
369,http://www.learning.com/8iktv0nn2pif
370,http://www.learning.com/2jusv347wfzy
371,http://www.learning.com/hiv5nmedfaj8
372,http://www.learning.com/cmur9l7tux6o
373,http://www.learning.com/53z0cfmcs4mt
374,http://www.learning.com/hr9vv5t214uv
375,http://www.learning.com/ib4a2k1ieeat
376,http://www.learning.com/e4y0qzgdagy1
377,http://www.learning.com/glg3anm9bsml
378,http://www.learning.com/yh1yrv15pu95
379,http://www.learning.com/3szh0vvwcdyg
380,http://www.learning.com/wztxwnuhpy02
381,http://www.learning.com/g58ggu2rt7vs
382,http://www.learning.com/5ezsfjfac8nf
383,http://www.learning.com/sgkx22grfbqp
384,http://www.learning.com/2rwy04qcsiuf
385,http://www.learning.com/65svz6mb31hb
386,http://www.learning.com/z03gzt3bwfwo
387,http://www.learning.com/zkflrhtoh2yc
388,http://www.learning.com/vr7i3ijg1dlj
389,http://www.learning.com/vdb4syv9ep8g
390,http://www.learning.com/g2q918610c1s
391,http://www.learning.com/9b1eoyh7ewgj
392,http://www.learning.com/jiye539rzlru
393,http://www.learning.com/7cfkhqvzlrmb
394,http://www.learning.com/k2lcywlb5t4s
395,http://www.learning.com/5svpsunchdg6
396,http://www.learning.com/kyeoz1ms3qt4
397,http://www.learning.com/zx4r4wtz31hf
398,http://www.learning.com/7jsbw4w0g2oj
399,http://www.learning.com/vdhqwtrglbgi
400,http://www.learning.com/whqqoh8rfkcg
401,http://www.learning.com/d6ivy3fbhmw8
402,http://www.learning.com/dursyahsr5ep
403,http://www.learning.com/cehlb9tqcjbk
404,http://www.learning.com/uxlkgfhm6l6v
405,http://www.learning.com/j6obd0w09y22
406,http://www.learning.com/vlv02zpde5l3
407,http://www.learning.com/y9wg6iipqf3t
408,http://www.learning.com/gkvjxrkhxydt
409,http://www.learning.com/a2o7pmcxc0cr
410,http://www.learning.com/bqsg5rqaueca
411,http://www.learning.com/4s53gzrnnr2o
412,http://www.learning.com/qsvm67ail72f
413,http://www.learning.com/39db8x2z79dz
414,http://www.learning.com/dtd53mchnrc8
415,http://www.learning.com/yu1x8jti4t8g
416,http://www.learning.com/36i724efwbrs
417,http://www.learning.com/zoipu5bjz1e2
418,http://www.learning.com/8jirhq0vag88
419,http://www.learning.com/rewa4hjalayw
420,http://www.learning.com/n9ur5chfx8by
421,http://www.learning.com/4d0eqpdb49sr
422,http://www.learning.com/8acpnjjptfvq
423,http://www.learning.com/dy2kh803rdxr
424,http://www.learning.com/31av2eewmdyo
425,http://www.learning.com/tlya5vi59dij
426,http://www.learning.com/mp7vl1m96gq8
427,http://www.learning.com/9ngukbv9av0k
428,http://www.learning.com/ncd83dlodunw
429,http://www.learning.com/uw1hvmu6r34f
430,http://www.learning.com/c3q0hjbp76xb
431,http://www.learning.com/mj6bqpioxfmh
432,http://www.learning.com/nj9vumblgf09
433,http://www.learning.com/y9pqjsc2unft
434,http://www.learning.com/lcfxewem1jse
435,http://www.learning.com/31r03gts64kr
436,http://www.learning.com/vvmgta2n605q
437,http://www.learning.com/9o7fdwr8xg4a
438,http://www.learning.com/kn754cy5r78o
439,http://www.learning.com/jig0ahqmavij
440,http://www.learning.com/s35xxqxehhyy
441,http://www.learning.com/lxxg5ihmh4ip
442,http://www.learning.com/jbyhpw0cra4z
443,http://www.learning.com/0kbcw8fkfptf
444,http://www.learning.com/6oxn97rxcdx7
445,http://www.learning.com/o8nhjtcxv6op
446,http://www.learning.com/5cw2we57wfbg
447,http://www.learning.com/5n5iktqswvhk
448,http://www.learning.com/onqdp82gw2zq
449,http://www.learning.com/4wuh9o2cnlkn
450,http://www.learning.com/6zj4jyup5lb1
451,http://www.learning.com/por8kj8yzi39
452,http://www.learning.com/jyt1wmpe7m97
453,http://www.learning.com/iuyamnrcrfan
454,http://www.learning.com/kj4roakwzqjk
455,http://www.learning.com/m2fjhgsaa433
456,http://www.learning.com/662g7yfxguca
457,http://www.learning.com/mx74o39soxqz
458,http://www.learning.com/zmapv4ojx9v2
459,http://www.learning.com/phubfy48chm7
460,http://www.learning.com/4ura8npw5g9i
461,http://www.learning.com/yi46vuzv09ps
462,http://www.learning.com/z14ve1c4ajlx
463,http://www.learning.com/kmb27tpos1wd
464,http://www.learning.com/tusxp0w9p61c
465,http://www.learning.com/wix9mq2nwpsq
466,http://www.learning.com/1ezsy2pdu1xr
467,http://www.learning.com/dv9cuak9qg7s
468,http://www.learning.com/w3hqufy8jn0a
469,http://www.learning.com/54jum7o9861e
470,http://www.learning.com/gjc86hcm9o85
471,http://www.learning.com/tbw6gu4290ow
472,http://www.learning.com/qdulnqwpxcwa
473,http://www.learning.com/ri9a8t9dl97f
474,http://www.learning.com/htt0eyk5qwb3
475,http://www.learning.com/c1jko5r18jna
476,http://www.learning.com/05x6m4b86wvc
477,http://www.learning.com/mi3hlxatfjq3
478,http://www.learning.com/96fs5v91jmqp
479,http://www.learning.com/02g6i03of5b8
480,http://www.learning.com/74t50rt4vod7
481,http://www.learning.com/32qz55111auj
482,http://www.learning.com/dyfal2jtlc67
483,http://www.learning.com/zijuikqtp2p1
484,http://www.learning.com/3je5hl1v4onm
485,http://www.learning.com/2z4zz4wdf4ve
486,http://www.learning.com/aunv9zaxyrr4
487,http://www.learning.com/1d48uyckw1f5
488,http://www.learning.com/yjesrxz49z0a
489,http://www.learning.com/saaty76ndjrp
490,http://www.learning.com/wqm21pj7pobm
491,http://www.learning.com/mgdefu8zdarh
492,http://www.learning.com/f432tsmuoiis
493,http://www.learning.com/ayap39555fu0
494,http://www.learning.com/gslfxw3sog6p
495,http://www.learning.com/kfu5ream3642
496,http://www.learning.com/tm6g5zti0gsz
497,http://www.learning.com/afdz6log9k8z
498,http://www.learning.com/96brd90wnuc0
499,http://www.learning.com/wo5fl8dfucmo
500,http://www.learning.com/5k7lf4ieiaha
501,http://www.learning.com/a4lqt2j92n7h
502,http://www.learning.com/gas58wzw7rss
503,http://www.learning.com/t6qdo4y6atv0
504,http://www.learning.com/u4yf0ew59u93
505,http://www.learning.com/xprpdp5bm5x0
506,http://www.learning.com/gj9tc5ub1nz1
507,http://www.learning.com/ks0l948wjop3
508,http://www.learning.com/6mvx0kybrmcu
509,http://www.learning.com/3xk85xo864es
510,http://www.learning.com/6efnyghtysf6
511,http://www.learning.com/g6sxqc79o98z
512,http://www.learning.com/6gfazo4yqoqv
513,http://www.learning.com/fsu2yn3jclmf
514,http://www.learning.com/97nn7k93uiov
515,http://www.learning.com/06y94c3m0juj
516,http://www.learning.com/pu67rwjzy8vy
517,http://www.learning.com/5dxfnm8csdid
518,http://www.learning.com/zlep9jyq63xy
519,http://www.learning.com/8d8jsl3k90wf
520,http://www.learning.com/bx75kqacsdnw
521,http://www.learning.com/o8ogqilslupc
522,http://www.learning.com/emacu9t9xaek
523,http://www.learning.com/kb7y2qyycii0
524,http://www.learning.com/6lh9gvxp658z
525,http://www.learning.com/oymf5s4fokz9
526,http://www.learning.com/pnqyfvvv8s93
527,http://www.learning.com/v6rlnyoeo75z
528,http://www.learning.com/69fmpvs6hx8d
529,http://www.learning.com/j79lcez7xo97
530,http://www.learning.com/tjrzl4do4tyj
531,http://www.learning.com/12xq5nad8jvi
532,http://www.learning.com/sv5z5lpucpcy
533,http://www.learning.com/vakalv331pr3
534,http://www.learning.com/jqtxjymwhbqh
535,http://www.learning.com/rqxhromz9vx4
536,http://www.learning.com/es7rc7meweje
537,http://www.learning.com/9fkfic1oloz0
538,http://www.learning.com/3122tl6frvo4
539,http://www.learning.com/dbv1d4jtc6fy
540,http://www.learning.com/zroykskr1koh
541,http://www.learning.com/yuqx48x1eugp
542,http://www.learning.com/ma6enon63uly
543,http://www.learning.com/dx5bg4mcdrwt
544,http://www.learning.com/aqqa9paekacr
545,http://www.learning.com/njbnyjdsef16
546,http://www.learning.com/q6374pd38x2g
547,http://www.learning.com/yqjzfnie7zl2
548,http://www.learning.com/koldzryaf8e8
549,http://www.learning.com/207rtu0fgp5p
550,http://www.learning.com/4y0j802tgf0n
551,http://www.learning.com/tohfpnmucoez
552,http://www.learning.com/9gjv056b0nkl
553,http://www.learning.com/140gjiw8d5c5
554,http://www.learning.com/0yk61qyklr80
555,http://www.learning.com/ic38sg6fcam0
556,http://www.learning.com/27ic9qgea60n
557,http://www.learning.com/2oi46dk6xszp
558,http://www.learning.com/jiqgy1j99d82
559,http://www.learning.com/08vmjwnt32u6
560,http://www.learning.com/n6kizzi7v4nf
561,http://www.learning.com/w6ubmk5lhhf5
562,http://www.learning.com/l81pzaysw7zm
563,http://www.learning.com/31bl0fc7azw4
564,http://www.learning.com/we3re27xvmzr
565,http://www.learning.com/o1iwyvdc7d03
566,http://www.learning.com/fxu9tol66znb
567,http://www.learning.com/bb7qc7ca8y55
568,http://www.learning.com/vuz2jgfeb0nv
569,http://www.learning.com/609mxoa498yd
570,http://www.learning.com/zt6k4w159z13
571,http://www.learning.com/9apotr6to52h
572,http://www.learning.com/9c8hm52dq3mv
573,http://www.learning.com/qxikzug17fet
574,http://www.learning.com/hqxtnwyj5cze
575,http://www.learning.com/o6vdgwuf6xhm
576,http://www.learning.com/2ondn8s880i9
577,http://www.learning.com/72jimtkupjby
578,http://www.learning.com/tmuh9h0f7ez8
579,http://www.learning.com/6cqy0k160vl2
580,http://www.learning.com/g3f37kia5ilb
581,http://www.learning.com/v50940qytzgx
582,http://www.learning.com/iuyt6l0bjjeo
583,http://www.learning.com/yv7p28ahl65i
584,http://www.learning.com/t47m1stx1xhe
585,http://www.learning.com/tzmb4uqtm3o0
586,http://www.learning.com/e57dsynzd13z
587,http://www.learning.com/s03kre7i8ytp
588,http://www.learning.com/l4o0a6ggrx8j
589,http://www.learning.com/mbsznzg05wn0
590,http://www.learning.com/jax2h02aw0xp
591,http://www.learning.com/g3ya40a0wivn
592,http://www.learning.com/7ge95mrg72kn
593,http://www.learning.com/7l9xxgc1k2r7
594,http://www.learning.com/60tk0q7rhepe
595,http://www.learning.com/whe34bks449d
596,http://www.learning.com/7j6w3b5zaw5v
597,http://www.learning.com/pnsf9f8yoqv2
598,http://www.learning.com/s5ojr3ed4mnr
599,http://www.learning.com/r8qdwsbr60ve
600,http://www.learning.com/5krmqiaab4jg
601,http://www.learning.com/jxdu01gn2fdq
602,http://www.learning.com/ahn46tad153w
603,http://www.learning.com/vimenxmll4v6
604,http://www.learning.com/upc3mjho4o0b
605,http://www.learning.com/aoj563glrkbi
606,http://www.learning.com/8ksritp6f8yj
607,http://www.learning.com/8c63kodeb5nt
608,http://www.learning.com/9ijakvvnap8m
609,http://www.learning.com/f6qlx82ywbtu
610,http://www.learning.com/qczsr429r6jt
611,http://www.learning.com/e0x2xkuc33ub
612,http://www.learning.com/o1pqjexkzvgf
613,http://www.learning.com/1d3toojx1t0k
614,http://www.learning.com/c9tgwyl7z6ox
615,http://www.learning.com/fze89sfif98v
616,http://www.learning.com/ivog17xcia92
617,http://www.learning.com/gv3nhe8gurhn
618,http://www.learning.com/afo0wzyjrazd
619,http://www.learning.com/9o67r5sh4jpc
620,http://www.learning.com/omkfcvsvh3ou
621,http://www.learning.com/dxctowj0l4g2
622,http://www.learning.com/zf2yb99y0sry
623,http://www.learning.com/ineee5srk74c
624,http://www.learning.com/eneosmcb4oc0
625,http://www.learning.com/8icrrgpdj0rr
626,http://www.learning.com/n0ybgn7x1i9w
627,http://www.learning.com/dvwn0mu5nm8f
628,http://www.learning.com/dzsdmkmedjv3
629,http://www.learning.com/qmt91u92u667
630,http://www.learning.com/bccs0z9wntfd
631,http://www.learning.com/b6yduilgdt7n
632,http://www.learning.com/crsv2a24c79r
633,http://www.learning.com/gq66v01ci1id
634,http://www.learning.com/fj0dgygjht49
635,http://www.learning.com/8ssfsqse5kv0
636,http://www.learning.com/0inxhmfyubd2
637,http://www.learning.com/db4g9gsb01pe
638,http://www.learning.com/cxqjdi5ziwvw
639,http://www.learning.com/vcieo85squsl
640,http://www.learning.com/y7hea8mweh8w
641,http://www.learning.com/lduwhi7swllh
642,http://www.learning.com/27zz4u0e80r1
643,http://www.learning.com/eekrgkzol1vt
644,http://www.learning.com/uxojgkhlto5t
645,http://www.learning.com/p543rw939evn
646,http://www.learning.com/w0zia5ye3g77
647,http://www.learning.com/5wnpgzshz7rz
648,http://www.learning.com/bfthb8zitzjb
649,http://www.learning.com/2z7sfnhtxjhz
650,http://www.learning.com/87w9qs966lje
651,http://www.learning.com/ad7cg5y2y9l9
652,http://www.learning.com/4718oydshqnw
653,http://www.learning.com/6w0lyyzu30wx
654,http://www.learning.com/xkikpp3xgsdz
655,http://www.learning.com/pohv8kurweim
656,http://www.learning.com/rq7z3nlc3xrf
657,http://www.learning.com/ii7qccjk6qfd
658,http://www.learning.com/d63n3r8pfzk3
659,http://www.learning.com/04oj1jhpe7os
660,http://www.learning.com/5tlgvktdveac
661,http://www.learning.com/8qppsc9fhuio
662,http://www.learning.com/k4oxhfht1q60
663,http://www.learning.com/e9rmnszut13o
664,http://www.learning.com/mt11kwuowcif
665,http://www.learning.com/zcqq9k20m3ie
666,http://www.learning.com/2zp3axfhra7p
667,http://www.learning.com/dy2dcydpacin
668,http://www.learning.com/9qhqgtlxbamx
669,http://www.learning.com/sq77f7xkbv5o
670,http://www.learning.com/dspje03jekun
671,http://www.learning.com/0fq34kc5406g
672,http://www.learning.com/uqbrrcatbjaq
673,http://www.learning.com/zg204zhs5eh1
674,http://www.learning.com/smc1fkv12bgb
675,http://www.learning.com/43mzlb9fd2kp
676,http://www.learning.com/5vkhftoo6j0p
677,http://www.learning.com/s9uj0czend7u
678,http://www.learning.com/zjz235sdtv83
679,http://www.learning.com/vscffzf7e84i
680,http://www.learning.com/4b6upkv14yfw
681,http://www.learning.com/1e7plmpa0wp3
682,http://www.learning.com/jtuqmi3pqt9r
683,http://www.learning.com/cfxn6rde1tgg
684,http://www.learning.com/u7s8n8uqkfbk
685,http://www.learning.com/hkkgocw1rddy
686,http://www.learning.com/rw3y1mnweavy
687,http://www.learning.com/s9n2nyvjfcgc
688,http://www.learning.com/axixt4a5vkxa
689,http://www.learning.com/vdyoqm7zokpf
690,http://www.learning.com/jj7b4464ddmn
691,http://www.learning.com/wrlqak03s75g
692,http://www.learning.com/a00mu2f1lvpp
693,http://www.learning.com/o58cp7fnm5zf
694,http://www.learning.com/2lyd3ns5e1tn
695,http://www.learning.com/jh545gz6ablj
696,http://www.learning.com/dqo0b0gyd5k8
697,http://www.learning.com/u9u0pdap4dgi
698,http://www.learning.com/rkp9u7o6yeh3
699,http://www.learning.com/x1gch1vauhv2
700,http://www.learning.com/mz5t3fkgjji9
701,http://www.learning.com/1kcvto9ns21e
702,http://www.learning.com/nkr10g9auekm
703,http://www.learning.com/qiwkx6rgoti7
704,http://www.learning.com/xfs7rc3qwsfb
705,http://www.learning.com/ri03u5e7gbe9
706,http://www.learning.com/82nhelmu5k23
707,http://www.learning.com/cliwf4wycbnq
708,http://www.learning.com/eriss720tnvq
709,http://www.learning.com/k50n71mj4c3q
710,http://www.learning.com/b6nlnjq1p77b
711,http://www.learning.com/kml0fht0tbc5
712,http://www.learning.com/brez7tef7z1x
713,http://www.learning.com/oz3d0s7aye2f
714,http://www.learning.com/u6mq4qzy04jh
715,http://www.learning.com/wg0u1dkjptcj
716,http://www.learning.com/5mek71ezshoe
717,http://www.learning.com/xsqewkj87a0a
718,http://www.learning.com/vz57a3wx6qk3
719,http://www.learning.com/jfdzlk5suxou
720,http://www.learning.com/pk1x297umogu
721,http://www.learning.com/l6v2l0m9vgxt
722,http://www.learning.com/u3j37sx3daxz
723,http://www.learning.com/jy28re17y03y
724,http://www.learning.com/jthcd2npusxe
725,http://www.learning.com/5krfkwr6oln3
726,http://www.learning.com/3qp8v754hbm0
727,http://www.learning.com/8bttz4efpm9g
728,http://www.learning.com/gbrykn5usn0w
729,http://www.learning.com/2u8q98qt9non
730,http://www.learning.com/35kuv4gp2stm
731,http://www.learning.com/ljer8lr2pmna
732,http://www.learning.com/460grghb7c32
733,http://www.learning.com/zmxjy2anzpgv
734,http://www.learning.com/b9y6rumaiujm
735,http://www.learning.com/wvxz8bpmf736
736,http://www.learning.com/zxyic8h1skm1
737,http://www.learning.com/ynypn50i0ziq
738,http://www.learning.com/9hc00d9amczg
739,http://www.learning.com/i0cluux8mgr6
740,http://www.learning.com/s7qocie1qkqx
741,http://www.learning.com/e4xxh7e9eo4b
742,http://www.learning.com/v3pxips6fyxk
743,http://www.learning.com/x6u34m485j67
744,http://www.learning.com/xso4sl18g830
745,http://www.learning.com/xw3efp03ts5u
746,http://www.learning.com/md6oxp0wi97w
747,http://www.learning.com/1xcwxbafjpna
748,http://www.learning.com/bpf6pm69u8tz
749,http://www.learning.com/iy6p9i2acrdw
750,http://www.learning.com/991szoe6rhv2
751,http://www.learning.com/a4ubod0ffqll
752,http://www.learning.com/q7hdqgevg485
753,http://www.learning.com/6k1269mwicer
754,http://www.learning.com/f33ki6r37d15
755,http://www.learning.com/repi8ufttwp8
756,http://www.learning.com/sz8n50thlbw3
757,http://www.learning.com/aedh2qytewxe
758,http://www.learning.com/rf5vv4a87zc3
759,http://www.learning.com/wz87o9f026g0
760,http://www.learning.com/g5zqx5n6ucz2
761,http://www.learning.com/bvjrldshlda5
762,http://www.learning.com/8yh22zt4ai5o
763,http://www.learning.com/owmcy2ezvh0i
764,http://www.learning.com/3g04dhqqxcup
765,http://www.learning.com/odnhevodkiat
766,http://www.learning.com/o8u9icwxbh3g
767,http://www.learning.com/4kf52p53v30l
768,http://www.learning.com/le7du5s3c51g
769,http://www.learning.com/92v4ttkvmki6
770,http://www.learning.com/o826k1cdq4od
771,http://www.learning.com/u3kut657fbk0
772,http://www.learning.com/xf5efp5v4jxg
773,http://www.learning.com/5hlff3yl42y7
774,http://www.learning.com/fvpk2haaq6zy
775,http://www.learning.com/1ayds8lby6kh
776,http://www.learning.com/lkiz4n7jrfps
777,http://www.learning.com/6h9f7metaubs
778,http://www.learning.com/n367o8p1etr5
779,http://www.learning.com/ohzcz4t4u9oj
780,http://www.learning.com/fgkn6h3s1os1
781,http://www.learning.com/941vedc1to5r
782,http://www.learning.com/if18dk8fm6ni
783,http://www.learning.com/6khp2lyyz9tj
784,http://www.learning.com/huq2w5ue4087
785,http://www.learning.com/k3mivtfnle4r
786,http://www.learning.com/9u2bfesir0px
787,http://www.learning.com/d5cn3su0my23
788,http://www.learning.com/hd4n5fd5ggno
789,http://www.learning.com/26ziip46zyx0
790,http://www.learning.com/juykvp2cy7iq
791,http://www.learning.com/hgk4npbeh4f0
792,http://www.learning.com/wj8nlqz0hip9
793,http://www.learning.com/kgwya4es4glv
794,http://www.learning.com/qz8mhqo6mjrw
795,http://www.learning.com/lapx015eg44x
796,http://www.learning.com/6aybijy4b8cx
797,http://www.learning.com/6p76uf0v9uu7
798,http://www.learning.com/uuozrb8lmlik
799,http://www.learning.com/v11ooubapojl
800,http://www.learning.com/b2yr3i6yggyu
801,http://www.learning.com/zox5ir9tpojj
802,http://www.learning.com/wqscnkxvduzg
803,http://www.learning.com/g8ifsyompx1d
804,http://www.learning.com/dpl3p71r5nt4
805,http://www.learning.com/mnam5cxf2kc1
806,http://www.learning.com/bq9juuqh35lq
807,http://www.learning.com/kr50hsfg54oi
808,http://www.learning.com/utl97sopd4q0
809,http://www.learning.com/z1u62b6gerwu
810,http://www.learning.com/y2bvk4hvr1c1
811,http://www.learning.com/taxlcjmh557q
812,http://www.learning.com/3nb75nozjc3o
813,http://www.learning.com/pwgebrwde48y
814,http://www.learning.com/tcr7mlhmvct1
815,http://www.learning.com/72pro03hy7wv
816,http://www.learning.com/d4ia1abe4j2c
817,http://www.learning.com/k0sgzbg50lo5
818,http://www.learning.com/bgw645mh158n
819,http://www.learning.com/fodekca62j70
820,http://www.learning.com/k79ha1pp3pry
821,http://www.learning.com/yshh1iljt02h
822,http://www.learning.com/q1i82yy5ge6s
823,http://www.learning.com/c04tlhlk067o
824,http://www.learning.com/1s1886fh9i73
825,http://www.learning.com/01wkc85jndrd
826,http://www.learning.com/0vnd22rnemiq
827,http://www.learning.com/oilens7m9az6
828,http://www.learning.com/wagwt20g7jqz
829,http://www.learning.com/21e6lwlbcwcb
830,http://www.learning.com/iwayuyeuhurt
831,http://www.learning.com/3xi5d6a583m2
832,http://www.learning.com/4b39n4r2smfk
833,http://www.learning.com/khn8qcg7wao8
834,http://www.learning.com/6is5atlm22lk
835,http://www.learning.com/6t32hrrkb0ce
836,http://www.learning.com/1bhiu2ipphf5
837,http://www.learning.com/jm7r69v6j5ft
838,http://www.learning.com/j99c8y0u6hnd
839,http://www.learning.com/26aa73tktgxp
840,http://www.learning.com/ghguck0gt2ph
841,http://www.learning.com/i1h48xo66yib
842,http://www.learning.com/cuol2tf7xftf
843,http://www.learning.com/cbzasvpy41vf
844,http://www.learning.com/3axvjd4qk42f
845,http://www.learning.com/u8c7bmzctgsl
846,http://www.learning.com/uqh4hhsb0t08
847,http://www.learning.com/kizb3ifqqkg4
848,http://www.learning.com/0yfnsy4dqkqj
849,http://www.learning.com/1jrcn6rvrv2u
850,http://www.learning.com/7dd0gqg11nqe
851,http://www.learning.com/koustm66fjt0
852,http://www.learning.com/6p9a6q4xv90o
853,http://www.learning.com/fta26jaefzaf
854,http://www.learning.com/y26riq450h2i
855,http://www.learning.com/hxbp6650npxq
856,http://www.learning.com/69m5h19tn5k9
857,http://www.learning.com/pk6ryhf1y7wj
858,http://www.learning.com/92q1awos96vg
859,http://www.learning.com/4n54hb61tq5u
860,http://www.learning.com/iq61rye1c9di
861,http://www.learning.com/7qla65dxwndh
862,http://www.learning.com/7chq2x1u2r92
863,http://www.learning.com/7zr16lx7vzre
864,http://www.learning.com/c934pqouz0cn
865,http://www.learning.com/qzsp392200li
866,http://www.learning.com/red9qr91s5mw
867,http://www.learning.com/rhhpytgy2gpe
868,http://www.learning.com/euavaiov1wrd
869,http://www.learning.com/21ixuq6h088u
870,http://www.learning.com/v84e3345uk5f
871,http://www.learning.com/deezwx6uc5hn
872,http://www.learning.com/wq8pw7oi0ijs
873,http://www.learning.com/m9qqby93a1t3
874,http://www.learning.com/x9hgi4zuxsyr
875,http://www.learning.com/j0mwhgto1y73
876,http://www.learning.com/kds3me5rfpvf
877,http://www.learning.com/pvd6l0zfmes0
878,http://www.learning.com/ifs9e94mdtfg
879,http://www.learning.com/uh7jyazhiqut
880,http://www.learning.com/t3jenn2qtztm
881,http://www.learning.com/012rbpy1zcmm
882,http://www.learning.com/ydwrb7u2q119
883,http://www.learning.com/zuc7hqwo6bxk
884,http://www.learning.com/5v3vg2q2sftx
885,http://www.learning.com/em56s6p2n0w5
886,http://www.learning.com/yfl875wcsko3
887,http://www.learning.com/uygnz3svh0mk
888,http://www.learning.com/r9scht60nmf6
889,http://www.learning.com/5zwx3ibbyvuc
890,http://www.learning.com/wvqgzutqhz7x
891,http://www.learning.com/7lapy3pwlwac
892,http://www.learning.com/cmt042kxisza
893,http://www.learning.com/rmdvbjd5t3ow
894,http://www.learning.com/stpud1mvp8au
895,http://www.learning.com/xyvx3nezgv6x
896,http://www.learning.com/6k3617iwex7h
897,http://www.learning.com/9e37g8tefll7
898,http://www.learning.com/eu81ht75miv3
899,http://www.learning.com/n80kr39akd8a
900,http://www.learning.com/kft6zv1heoea
901,http://www.learning.com/uz7n8mps7cra
902,http://www.learning.com/1xl4gfqn4ilo
903,http://www.learning.com/z0euhuv7btn5
904,http://www.learning.com/kfqnnbjyfdbd
905,http://www.learning.com/cbdp0k0ilrpr
906,http://www.learning.com/f3vmhpn640lk
907,http://www.learning.com/2iyo930ngwdd
908,http://www.learning.com/kji3cv6bsgcs
909,http://www.learning.com/wwlokp19w5ga
910,http://www.learning.com/3dziq2wozj7g
911,http://www.learning.com/5kqut5n5qkwt
912,http://www.learning.com/dplcjfeokdij
913,http://www.learning.com/u54ha54lm58s
914,http://www.learning.com/bst3p9k448ia
915,http://www.learning.com/hqdqvp0nz8t5
916,http://www.learning.com/44o7p8ka0ii5
917,http://www.learning.com/th52qfqb6u8i
918,http://www.learning.com/f6o5kbbd5kuo
919,http://www.learning.com/3nbwhwroemut
920,http://www.learning.com/e1i4q0gj6ad9
921,http://www.learning.com/h9cuckuv7gr2
922,http://www.learning.com/47o8e6kqclqj
923,http://www.learning.com/i1p9oazt0elg
924,http://www.learning.com/151wkel0jl78
925,http://www.learning.com/bpgr70idodop
926,http://www.learning.com/zimjwg3k2b5x
927,http://www.learning.com/sxuwa4c95124
928,http://www.learning.com/68yx236pcvn8
929,http://www.learning.com/tfwejxn2gx3j
930,http://www.learning.com/8gbh1h2330k0
931,http://www.learning.com/b8qek9d056p5
932,http://www.learning.com/8047knm1broj
933,http://www.learning.com/qxfh033q04ie
934,http://www.learning.com/rylplr3rtorr
935,http://www.learning.com/ggetlvmvxxw1
936,http://www.learning.com/iydtqdoxwzwd
937,http://www.learning.com/r7qp243mznpg
938,http://www.learning.com/oqekydt9m0fc
939,http://www.learning.com/cn8qqcg53b16
940,http://www.learning.com/i3e62865q8sx
941,http://www.learning.com/2xqkb0xqmog6
942,http://www.learning.com/1vlymshmiijf
943,http://www.learning.com/xn3yc64wcl1d
944,http://www.learning.com/aethqxkv0aeu
945,http://www.learning.com/9zkh82me4s9o
946,http://www.learning.com/tslyxa43f7gs
947,http://www.learning.com/8a4obrdzlgtz
948,http://www.learning.com/zake83f4cz77
949,http://www.learning.com/4g7u7rw7go16
950,http://www.learning.com/9fiiu9moxybr
951,http://www.learning.com/8c2thjxkrhp6
952,http://www.learning.com/jff2qj10la2w
953,http://www.learning.com/cwpxdnpskuto
954,http://www.learning.com/pcxg12l5c01x
955,http://www.learning.com/zez7ejw2tb4k
956,http://www.learning.com/ejek7pc29gxj
957,http://www.learning.com/dqmovkj177gv
958,http://www.learning.com/pbxs1ibndzs5
959,http://www.learning.com/4w04va4zxh63
960,http://www.learning.com/sgi234wf6wk4
961,http://www.learning.com/ze0l07dcdfxk
962,http://www.learning.com/82pu6n0yive0
963,http://www.learning.com/7p8ygz27grtu
964,http://www.learning.com/ug64imu8gspm
965,http://www.learning.com/fa87fc5i7a72
966,http://www.learning.com/ytrw2d8mbl3o
967,http://www.learning.com/juaj9o3ocfht
968,http://www.learning.com/63fxwy4t730e
969,http://www.learning.com/4zt2k6bdb944
970,http://www.learning.com/wybexolyui87
971,http://www.learning.com/gzb3fqmbqtji
972,http://www.learning.com/8ox56izx095t
973,http://www.learning.com/pkymwjenihjm
974,http://www.learning.com/cuvd9u5p6l4i
975,http://www.learning.com/ic5k163hd8ud
976,http://www.learning.com/e017o1gp15ne
977,http://www.learning.com/84d9liu7k30h
978,http://www.learning.com/6yw84s5wch8h
979,http://www.learning.com/47kmlztdvuzd
980,http://www.learning.com/2uci4q43n4ma
981,http://www.learning.com/usowzkuyw9pt
982,http://www.learning.com/hoflgp3h4i01
983,http://www.learning.com/3xljryvp4s77
984,http://www.learning.com/k1n8tnp2i24v
985,http://www.learning.com/te85bl6fz9os
986,http://www.learning.com/ugf5utq2a7yt
987,http://www.learning.com/bbpbv9zoex20
988,http://www.learning.com/cnoj7ji2wiq7
989,http://www.learning.com/s3s89dsch85u
990,http://www.learning.com/j0aaxv4r9m26
991,http://www.learning.com/obun2083x7qc
992,http://www.learning.com/i0dngwxqwkdd
993,http://www.learning.com/d32mbbyg0505
994,http://www.learning.com/y73tgy7hjxxe
995,http://www.learning.com/ei0mbjj6aqjk
996,http://www.learning.com/zkawb1dgnaw3
997,http://www.learning.com/mhdsy66eu3kj
998,http://www.learning.com/itowkb9vblsg
999,http://www.learning.com/7bx8lk0ks234
1000,http://www.learning.com/4bwt75wtmhb4
